id;name;padCategories_id;path;inactive
5A19DD49-B0B1-4690-8083-1E7AF60DE9CA;CONAUTO 20. Soporte CDFI;NULL;/CONAUTO 20. Soporte CDFI;
0ACF76F0-F7A9-4753-A168-3361291326CF;TELERED 01. Proactivanet;NULL;/TELERED 01. Proactivanet;
3500F676-9AFB-4516-A599-EC083B964215;PUNTOS18. Soporte cristal reports;NULL;/PUNTOS18. Soporte cristal reports;
24605C10-BC65-483B-9109-2811C8B39114;GCTI 17. Soporte a equipo de cómputo personal;NULL;/GCTI 17. Soporte a equipo de cómputo personal;
FA975132-115F-443D-BDEF-2667E67475BC;CONAUTO 04. Servicios de RED;NULL;/CONAUTO 04. Servicios de RED;
7E37E086-2A77-4665-B865-7023D9D1ADDF;Ferreterias Mandiola 03. Capacitación;NULL;/Ferreterias Mandiola 03. Capacitación;
696E2F19-2317-4E68-9518-0C3E1E965B8B;CONAUTO 03. Servicio de telefonía;NULL;/CONAUTO 03. Servicio de telefonía;
A7FAF0A7-8E20-402E-BBEC-E9B838B8E668;CONAUTO 08. Soporte a Base de Datos;NULL;/CONAUTO 08. Soporte a Base de Datos;
8316C6EB-2DF2-4308-91AF-DD92DE3585CE;GCTI 16. Sharepoint;NULL;/GCTI 16. Sharepoint;
31190898-D4D8-48BB-BA57-4534947CCE09;CONAUTO 06. Sistema progress;NULL;/CONAUTO 06. Sistema progress;
198391E3-C956-4485-8C18-AEA6308AFE64;CONAUTO 14. Soporte a SAPS ;NULL;/CONAUTO 14. Soporte a SAPS ;
ED407C6A-1E29-44C8-91EE-46413A89C869;PUNTOS19. Soporte hyper-V;NULL;/PUNTOS19. Soporte hyper-V;
226D19B3-711F-49A2-9EB5-53A7E458C3FC;UNIR02. Administración de Office 365;NULL;/UNIR02. Administración de Office 365;
41CDC761-0371-4DF6-B400-82BB421B2CC5;BPsoft 01. Administración de infraestructura azure.;NULL;/BPsoft 01. Administración de infraestructura azure.;
2D721D71-2E55-43E5-9AE9-B94CB7333226;PUNTOS17. Soporte cloud bridge;NULL;/PUNTOS17. Soporte cloud bridge;
CE9A126D-F286-401B-839B-A887BBA93A5E;GCTI 03. Correo Electrónico;NULL;/GCTI 03. Correo Electrónico;
53A65877-2566-4671-A903-998AA65DE757;PUNTOS08. Packet Shaper;NULL;/PUNTOS08. Packet Shaper;
82B96395-E21E-4A16-97F3-93A5B62AF7BD;PUNTOS11. Servicio IIS;NULL;/PUNTOS11. Servicio IIS;
08034728-5261-4C09-9CCF-EBF3C81A9746;UNIR17. Soporte a aplicaciones;NULL;/UNIR17. Soporte a aplicaciones;
66678429-BD86-4819-9995-E2368BDFFA19;GCTI. CC-Internet;NULL;/GCTI. CC-Internet;
8C9C9523-3CE5-48E3-AEB5-A2D850A2922F;PUNTOS16. Soporte citrix MDM;NULL;/PUNTOS16. Soporte citrix MDM;
734455B7-FF59-4E5B-990F-EB21BA5C06C5;GCTI 06. Microstrategy;NULL;/GCTI 06. Microstrategy;
B716B5E9-7332-441F-B1A2-2678C97E0A4F;UNIR18. Aplicaciones Académicas;NULL;/UNIR18. Aplicaciones Académicas;
6366C586-AF10-405E-A4EE-06F44DC03948;CONAUTO 18. Tareas Internas;NULL;/CONAUTO 18. Tareas Internas;
1B257A67-58DF-4963-8207-255702AD25B5;UNIR07. Administración de Servicios de video vigilacia;NULL;/UNIR07. Administración de Servicios de video vigilacia;
F220ADCD-2658-4825-89ED-815B7CA6C1AD;GCTI. CC-Servidores;NULL;/GCTI. CC-Servidores;
5E9F7CD8-1C6B-4708-A801-65D6C7E3D87B;UNIR01. Soporte a Equipo de Cómputo Personal;NULL;/UNIR01. Soporte a Equipo de Cómputo Personal;
226AE786-C411-4263-A2DD-648B31AE2950;PUNTOS09. Project server;NULL;/PUNTOS09. Project server;
E68F0CC1-8CCB-4E54-9802-BDE8795198A4;CONAUTO 05. Servicios de Impresora;NULL;/CONAUTO 05. Servicios de Impresora;
2703ACDC-B310-483F-BA88-BE146FEEDDE5;GCTI. CC-Base de Datos;NULL;/GCTI. CC-Base de Datos;
3F838FB0-BA4A-44D0-87CB-26678A24B890;PUNTOS01. Bluecoat;NULL;/PUNTOS01. Bluecoat;
9F2F3543-EC25-4DE7-9D5A-85FB0130642B;CONAUTO 19. Soporte a NetSuite;NULL;/CONAUTO 19. Soporte a NetSuite;
9A6C08D2-2F45-4164-B735-A0098B993A92;Begrand 01. Fallos en infraestructura Azure;NULL;/Begrand 01. Fallos en infraestructura Azure;
3371ABBC-8AF1-4F47-8060-29EB63C37C71;PUNTOS03. Corporater EPM;NULL;/PUNTOS03. Corporater EPM;
D7F2E5DB-FA49-4D36-B176-14096059D77C;PUNTOS12. Servicios de infraestructura;NULL;/PUNTOS12. Servicios de infraestructura;
37CC0BD8-4056-4052-B257-EED4C6BABE25;PUNTOS20. Soporte ibolt;NULL;/PUNTOS20. Soporte ibolt;
A878EC62-CC6F-4F5C-8388-268DD84536A7;CONAUTO 22. SUBASTAS;NULL;/CONAUTO 22. SUBASTAS;
8A5BE0D6-3D79-43E6-AE50-2DC2D7FA4E04;PUNTOS23. Soporte SAP;NULL;/PUNTOS23. Soporte SAP;
9D09D9F2-74A5-4B07-9E5B-4237F6A204F8;CONAUTO 12. Gestión de usuarios;NULL;/CONAUTO 12. Gestión de usuarios;
B18FADE8-E48D-492E-9E7D-079FDCDE6335;CONAUTO - CAMBIOS;NULL;/CONAUTO - CAMBIOS;
FCF06CDA-2E7D-4F3D-A5F8-97545EA5D4D0;PUNTOS26. Soporte Xenapp;NULL;/PUNTOS26. Soporte Xenapp;
42D24999-073E-4D3C-BA7C-6A8567AAA4BD;Begrand 02. Administración de infraestructura Azure;NULL;/Begrand 02. Administración de infraestructura Azure;
278D1C74-06C5-485A-9224-262B08178DCF;PUNTOS13. Sharefile;NULL;/PUNTOS13. Sharefile;
39C937DD-0346-4E91-9E42-699B6C4CC916;GCTI 20. Soporte Hyper-V;NULL;/GCTI 20. Soporte Hyper-V;
33C5B19F-F71F-48E8-8C73-2A5B8C802919;MST Especializada.- SAP;NULL;/MST Especializada.- SAP;
EAC061EF-F145-4503-9A48-6E38FD1B5D76;PUNTOS15. Soporte access gateway;NULL;/PUNTOS15. Soporte access gateway;
54460347-9A75-4B64-97F3-AC7DCFC5EB4A;AEME 01. Apoyo administrativo;NULL;/AEME 01. Apoyo administrativo;
28F48BE5-19BB-4E26-8B9E-1B3AD813A77A;CONAUTO 13. Carpetas Compartidas;NULL;/CONAUTO 13. Carpetas Compartidas;
6FE31122-0F57-4872-9367-81AEBC4BC961;GCTI 15. Sharefile;NULL;/GCTI 15. Sharefile;
3B903FFE-CDD1-47CE-B89E-D613EBB17502;CONAUTO 10. Soporte a Seguros AON;NULL;/CONAUTO 10. Soporte a Seguros AON;
31DE22DD-A6F3-4792-9A87-F735326A1906;UNIR05. Servicio de Atención al Centro de Cómputo;NULL;/UNIR05. Servicio de Atención al Centro de Cómputo;
E5C1C522-2ECC-4DEF-B8F2-3E5E659FAC79;GCTI 24. Proyectos;NULL;/GCTI 24. Proyectos;
46DE8E84-BAB3-4767-A428-9E0E2BBDB3B9;PUNTOS29. System center;NULL;/PUNTOS29. System center;
2CDA46BF-0D68-462D-AD95-62C4A4B63A8A;UNIR03. Servicio de Infraestructura (Primer Nivel);NULL;/UNIR03. Servicio de Infraestructura (Primer Nivel);
40BDEA54-0E0A-4A2E-A389-13B21792EAA9;GCTI. CC-Firewall;NULL;/GCTI. CC-Firewall;
AE1B2B38-29FD-4BEB-AED7-D92360EEA9B9;GCTI 04. Escritorios virtuales;NULL;/GCTI 04. Escritorios virtuales;
19EDA73E-5BDF-4E43-B4B6-BA1B4C40611D;CONAUTO 17. Gestor Documental;NULL;/CONAUTO 17. Gestor Documental;
67789DAF-CEA1-4982-94C5-46B0633DE995;CONAUTO 09. Soporte a SIPRODI;NULL;/CONAUTO 09. Soporte a SIPRODI;
E074F4C6-A126-4047-9604-5E2E1B0AB836;PUNTOS05. Directorio activo;NULL;/PUNTOS05. Directorio activo;
9093B798-1730-481F-BADB-55E8405A07C0;UNIR13. Administración de Dominios;NULL;/UNIR13. Administración de Dominios;
D7392146-90A7-4966-9E7D-93F253323523;TELERED 02 FrontEnd;NULL;/TELERED 02 FrontEnd;
EB3A3C5C-EDC2-4D7B-85C8-CDC715D9F212;KANANFLEET 01. Administración de infraestructura azure ;NULL;/Kananfleet 01. Administración de infraestructura azure ;
4203F240-0D37-463D-BD5D-1AC9134059F9;GCTI 18. Soporte Citrix MDM;NULL;/GCTI 18. Soporte Citrix MDM;
55213AD0-203E-44B6-84CD-2EF9825D0FA2;PUNTOS02. CommVault;NULL;/PUNTOS02. CommVault;
123B208A-1C01-4110-A656-5126B83B16AE;CONAUTO 02. Correo electronico;NULL;/CONAUTO 02. Correo electronico;
3D0838A6-0C82-44D0-8519-A1E4B786337D;CONAUTO 15. Herramientas de colaboración (O365);NULL;/CONAUTO 15. Herramientas de colaboración (O365);
03DAC9B1-8652-4F72-89EA-098FCBC723AD;CONAUTO 25. Arrendadora Conautopcion;NULL;/CONAUTO 25. Arrendadora Conautopcion;
AEA62DEC-042C-4284-BE76-8C3081C124BA;CONAUTO 21. Soporte a FINANCIERA;NULL;/CONAUTO 21. Soporte a FINANCIERA;
F09CB3B0-69CE-4172-8C31-7734DD75587E;PUNTOS28. Soporte XenServer;NULL;/PUNTOS28. Soporte XenServer;
B6DC76C7-880B-462F-BEBF-62F65BFC9555;PUNTOS31. Windows server;NULL;/PUNTOS31. Windows server;
3522B002-334E-47BC-A690-5096E51B7752;PETROMAYAB 01. Apoyo administrativo;NULL;/PETROMAYAB 01. Apoyo administrativo;
D6B19F31-EA87-4F4B-8E68-ACA567BC282A;UNIR10. Administración del File Server;NULL;/UNIR10. Administración del File Server;
E5C9853D-A692-48CE-BA1E-89781E903A0F;GCTI 01. Apoyo administrativo;NULL;/GCTI 01. Apoyo administrativo;
3F85A36C-E01D-4BA8-B8F0-C39301DE562A;PUNTOS07. Microstrategy;NULL;/PUNTOS07. Microstrategy;
20B1E6D1-85DD-445E-9C1B-E910D7D83C90;GCTI 19. Soporte Commvault;NULL;/GCTI 19. Soporte Commvault;
C7CC0DB6-59CB-4383-A7CA-9F7C3633C3B2;GCTI. CC-Repositorios de Información;NULL;/GCTI. CC-Repositorios de Información;
0551D33D-8461-4D9C-B93B-5BF17D15AA79;GCTI 10. Salesforce;NULL;/GCTI 10. Salesforce;
6738BCF2-B949-43E4-9DDB-BC50205433AA;PUNTOS14. Sharepoint;NULL;/PUNTOS14. Sharepoint;
E21E16E0-D48F-4D83-8986-D696958D1C55;PUNTOS06. Exchange;NULL;/PUNTOS06. Exchange;
42DD559A-2CC3-4CAE-840D-E288B998ECCF;GCTI. CC-Telefonía;NULL;/GCTI. CC-Telefonía;
A462C742-BD59-424F-8F61-3A206CDD540E;GCTI 11. Soporte a SAP;NULL;/GCTI 11. Soporte a SAP;
F4F67C1A-8103-4DDF-9FD4-5D7438A8852B;UNIR08. Soporte de Reloj checador;NULL;/UNIR08. Soporte de Reloj checador;
0A066BCA-B03D-457F-93C4-29B9851A014A;GCTI 13. Servicio de internet;NULL;/GCTI 13. Servicio de internet;
6DE32DB7-56C4-4576-AD55-992765E9FA5D;CONAUTO 26. Web SIR;NULL;/CONAUTO 26. Web SIR;
1135A944-5AE5-4C1D-A9B4-09F63C037245;Ferreterias Mandiola 01. Soporte en infraestructura;NULL;/Ferreterias Mandiola 01. Soporte en infraestructura;
F6D0D2D9-AE7F-4CC1-A578-EB541DF57560;Ferreterias Mandiola 02. Soporte SAP;NULL;/Ferreterias Mandiola 02. Soporte SAP;
5DB20B12-0426-422E-B6AC-FA42C8FF7813;UNIR12 Servicio de Respaldo de Información;NULL;/UNIR12 Servicio de Respaldo de Información;
AFFFF30A-7B66-4BA4-B6A2-9BC40A2626CB;GCTI 22. Ventas;NULL;/GCTI 22. Ventas;
580AA996-572B-4034-96BE-69FDCF768BC9;Autorización Facturación;NULL;/Autorización Facturación;
1FE59F15-C15C-4167-B782-C408DB0086FB;UNIR09. Administración del Punto de Venta;NULL;/UNIR09. Administración del Punto de Venta;
BB04D69D-387E-46B6-8EA8-9A303E095527;GESTI 01.Herramienta de Tickets ITSM;NULL;/GESTI 01.Herramienta de Tickets ITSM;
B17777FE-878A-48B3-B40E-8BAB77ACEF17;GCTI 14. Servicio en AWS;NULL;/GCTI 14. Servicio en AWS;
C896B096-A589-45E2-A883-E76118486C8C;PUNTOS10. Servicio de DNS;NULL;/PUNTOS10. Servicio de DNS;
53ACFF92-3DEB-4142-A46A-923C0F15D57B;UNIR16. Servicio de Internet;NULL;/UNIR16. Servicio de Internet;
1E0BDBB9-B7A4-4BDC-B22F-061DC54E18D7;GCTI 09. Project Server;NULL;/GCTI 09. Project Server;
D9C518F4-71A7-41FC-A2A6-FFEFAAB6751A;GCTI. CC-Red LAN e Inalámbrica;NULL;/GCTI. CC-Red LAN e Inalámbrica;
CF23FAEC-8C70-4996-98E0-F05920E7A978;CONAUTO 23  Apoyo administrativo;NULL;/CONAUTO 23  Apoyo administrativo;
F08598F3-C5AE-4546-9DEB-CF5804817645;UNIR06. Servicio de Asesoría a Alumnos y Maestros;NULL;/UNIR06. Servicio de Asesoría a Alumnos y Maestros;
B850BDB2-22E5-41BB-8A8F-F52C8A9E55EC;PUNTOS04. Cotizacion;NULL;/PUNTOS04. Cotizacion;
AA28568C-5A75-4A15-AAD1-EFFF554A1128;GCTI 21. Soporte PHD-Unitrends;NULL;/GCTI 21. Soporte PHD-Unitrends;
12A6709F-529A-4A82-A728-118E352EED2E;UNIR04. Administración de Servidores (Primer Nivel);NULL;/UNIR04. Administración de Servidores (Primer Nivel);
3DB334E4-71ED-4536-B2BC-8CFCF986B7F1;PUNTOS21. Soporte netscaler;NULL;/PUNTOS21. Soporte netscaler;
EF1502E7-BD18-47E8-8FC7-DC50DFFB5E2C;GESTI 02. Compras;NULL;/GESTI 02. Compras;
02B9B64A-ADA6-418E-A7E9-F6C4C4BCC136;PUNTOS30. VWARE ESX;NULL;/PUNTOS30. VWARE ESX;
B4575DDC-8614-49AC-8609-354E2B452C16;GCTI. CC-Correo Electronico;NULL;/GCTI. CC-Correo Electronico;
710AFFB3-3375-417F-A81E-94E0A4FABF9C;PUNTOS24. Soporte SQL;NULL;/PUNTOS24. Soporte SQL;
BCE5A97B-FDDA-48A9-A380-E0C4FFEF0544;GCTI 08. Nomipaq;NULL;/GCTI 08. Nomipaq;
810C9134-FFF0-4E89-8346-990AB6B1FD5D;PUNTOS27. Soporte XenDesktop;NULL;/PUNTOS27. Soporte XenDesktop;
0F7EBA20-A06D-4CB8-A203-58C1153B9CBA;GCTI 12. Servicio de Impresión;NULL;/GCTI 12. Servicio de Impresión;
406122B8-7B26-49FE-ACB2-7A81DA58332C;PUNTOS25. Soporte web interface;NULL;/PUNTOS25. Soporte web interface;
9B142213-D766-4385-B3BC-A937F162F3DE;FINBE01. Servicios de digitalizacion.;NULL;/FINBE01. Servicios de digitalizacion.;
BBCE86B8-2451-4D0C-A206-07114933406C;UNIR14. Servicio de gestion de proyectos;NULL;/UNIR14. Servicio de gestion de proyectos;
ABE59294-B482-4A87-A12F-0E4FD7AA3566;UNIR15 Servicio de apoyo actividades administrativas;NULL;/UNIR15 Servicio de apoyo actividades administrativas;
C3ECDA32-1929-454E-B1AF-ABB1EB61EEDC;CONAUTO 01. Equipo de computo;NULL;/CONAUTO 01. Equipo de computo;
BFE09A78-3A8D-48EA-806D-52818C6E9EC7;CONAUTO 11. Soporte a Soporte a PLD - Anfexi;NULL;/CONAUTO 11. Soporte a Soporte a PLD - Anfexi;
15857BB5-BAC1-40F2-B485-1F4B54C2E04B;PUNTOS22. Soporte PHN,UNITRENDS;NULL;/PUNTOS22. Soporte PHN,UNITRENDS;
CD7D65B8-C78F-4587-AAD6-89A078B55A5E;GCTI 02. Windows Server;NULL;/GCTI 02. Windows Server;
C60C918A-EFCE-46AD-A865-84D6BAAD0FC0;CONAUTO 24. Estado de cuenta WEB;NULL;/CONAUTO 24. Estado de cuenta WEB;
911F8CC8-0549-4DB3-8DF8-B30EECA48997;GCTI 07. Monitoreo;NULL;/GCTI 07. Monitoreo;
B9671CFC-E734-4B84-8A39-045EAE48F2E6;GCTI 23  Reloj checador;NULL;/GCTI 23  Reloj checador;
A0D22908-3C28-47F9-9C3A-9F1218B683A2;Proyectos;NULL;/Proyectos;
BA516727-3814-4AEC-ADF8-2DABBB21C0E3;ENKONTROL 01.  Administración de infraestructura azure;NULL;/ENKONTROL 01.  Administración de infraestructura azure;
4E1C132F-9B95-4D38-851A-ACE9C76BC808;PUNTOS32. Queja;NULL;/PUNTOS32. Queja;
755BEEE4-35D7-43F7-A543-4ADE7DDD9EB6;CONAUTO 07. Soporte a CONTPAQ;NULL;/CONAUTO 07. Soporte a CONTPAQ;
1070AE3E-7156-4A71-BEEA-95AD78148B45;UNIR11. Servicio de Escritorios Virtuales;NULL;/UNIR11. Servicio de Escritorios Virtuales;
3E532B2B-FBE4-4DB1-8117-DA31DD4753B7;FERNANDEZ 01. SAP;NULL;/FERNANDEZ 01. SAP;
858398F5-DB9A-450D-ACA5-B30109D1C87E;UNIR18.1.1.4 Estructuración de cargas;FF133B4C-6323-438A-BAE4-DC555BA67A84;/UNIR18. Aplicaciones Académicas/UNIR18.1. Creeze/UNIR18.1.1 Configuración de cursos/UNIR18.1.1.4 Estructuración de cargas;
EE51518D-4163-4424-845C-0845051802BB;UNIR18.1.1.2 Reactivación de cursos;FF133B4C-6323-438A-BAE4-DC555BA67A84;/UNIR18. Aplicaciones Académicas/UNIR18.1. Creeze/UNIR18.1.1 Configuración de cursos/UNIR18.1.1.2 Reactivación de cursos;
DF7D7B1D-C882-4A7B-8561-9110217609F1;UNIR18.1.1.1 Desactivación de cursos;FF133B4C-6323-438A-BAE4-DC555BA67A84;/UNIR18. Aplicaciones Académicas/UNIR18.1. Creeze/UNIR18.1.1 Configuración de cursos/UNIR18.1.1.1 Desactivación de cursos;
ED2DE769-8DA3-4ABE-BBAA-FD1C1E06769B;UNIR18.1.1.3 Diseño de cursos;FF133B4C-6323-438A-BAE4-DC555BA67A84;/UNIR18. Aplicaciones Académicas/UNIR18.1. Creeze/UNIR18.1.1 Configuración de cursos/UNIR18.1.1.3 Diseño de cursos;
118127F1-E4A6-41C5-9B26-733ECBE61E96;PUNTOS26.1 Fallas en XenApp;FCF06CDA-2E7D-4F3D-A5F8-97545EA5D4D0;/PUNTOS26. Soporte Xenapp/PUNTOS26.1 Fallas en XenApp;
D991CFBD-AF27-4D17-8972-0B64EC35DF8C;4.5 Fallo de acceso a escritorio remoto - 2 Hrs;FA975132-115F-443D-BDEF-2667E67475BC;/CONAUTO 04. Servicios de RED/4.5 Fallo de acceso a escritorio remoto - 2 Hrs;
83BCB292-E0FB-41E2-85F4-77A5C3BD5648;4.4 Falla en servicio de Internet - 24 Hrs;FA975132-115F-443D-BDEF-2667E67475BC;/CONAUTO 04. Servicios de RED/4.4 Falla en servicio de Internet - 24 Hrs;
0ACDE2A4-327C-450C-BD88-CF4EA3434CDF;4.7 Fallo de cuenta VPN - 4 Hrs;FA975132-115F-443D-BDEF-2667E67475BC;/CONAUTO 04. Servicios de RED/4.7 Fallo de cuenta VPN - 4 Hrs;
7758CDF4-21EB-497C-986C-5FBB2C574898;4.3 Acceso a páginas de internet - 8 Hrs;FA975132-115F-443D-BDEF-2667E67475BC;/CONAUTO 04. Servicios de RED/4.3 Acceso a páginas de internet - 8 Hrs;
EECF34B2-B8FF-4059-93D8-14562FCF683B;4.1. Conexión a red inalambrica - 2-Hrs;FA975132-115F-443D-BDEF-2667E67475BC;/CONAUTO 04. Servicios de RED/4.1. Conexión a red inalambrica - 2-Hrs;
4C987E9C-D82F-4C4F-8BED-6DD168F58244;4.2 Configuración de puertos (firewall local) de Red - 8 Hrs;FA975132-115F-443D-BDEF-2667E67475BC;/CONAUTO 04. Servicios de RED/4.2 Configuración de puertos (firewall local) de Red - 8 Hrs;
9CFDF634-25B2-4C75-A485-4CBE9711980F;4.6 Gestión de acceso a escritorio remoto - 8 Hrs;FA975132-115F-443D-BDEF-2667E67475BC;/CONAUTO 04. Servicios de RED/4.6 Gestión de acceso a escritorio remoto - 8 Hrs;
656E5A3B-6101-436D-9774-AD4F2B6872D4;4.9 Configuración de red - 8 Hrs;FA975132-115F-443D-BDEF-2667E67475BC;/CONAUTO 04. Servicios de RED/4.9 Configuración de red - 8 Hrs;
F7116678-8B1B-4B4D-B152-AEB46597310D;4.8 Gestión de cuenta VPN - 4 Hrs;FA975132-115F-443D-BDEF-2667E67475BC;/CONAUTO 04. Servicios de RED/4.8 Gestión de cuenta VPN - 4 Hrs;
D0D1ECBA-7822-42FB-9CC5-C3B0A1227417;FASE 1 - Analisis;F8A640F4-C5F4-4986-9D39-5C3F7EEE4FB4;/Proyectos/CONAUTO: Onboarding Digital/FASE 1 - Analisis;
B43EFEB4-9AD1-4AC9-84F6-D1C204404F7B;2.3 Fallo en SAP;F6D0D2D9-AE7F-4CC1-A578-EB541DF57560;/Ferreterias Mandiola 02. Soporte SAP/2.3 Fallo en SAP;
D35AD782-E2DD-41E7-AF21-ACB5D4DF1CE0;2.2 Configuración o Actualizaciones en SAP;F6D0D2D9-AE7F-4CC1-A578-EB541DF57560;/Ferreterias Mandiola 02. Soporte SAP/2.2 Configuración o Actualizaciones en SAP;
7C28703B-1BB1-4990-AFDD-D491FD978DE2;2.1 Cambio de contraseña;F6D0D2D9-AE7F-4CC1-A578-EB541DF57560;/Ferreterias Mandiola 02. Soporte SAP/2.1 Cambio de contraseña;
A919535D-E629-48B3-8885-5400C5DB1DDC;UNIR 8.2 Asesoría en el Software OTM;F4F67C1A-8103-4DDF-9FD4-5D7438A8852B;/UNIR08. Soporte de Reloj checador/UNIR 8.2 Asesoría en el Software OTM;
98B5ECDB-8A81-428F-A2BF-C0B4C9DFE31F;UNIR 8.1 Instalación y Configuración del Software OTM;F4F67C1A-8103-4DDF-9FD4-5D7438A8852B;/UNIR08. Soporte de Reloj checador/UNIR 8.1 Instalación y Configuración del Software OTM;
F4264EC6-F7A0-4C9C-8482-777B83FFB00C;UNIR 8.5 Alta de huellas;F4F67C1A-8103-4DDF-9FD4-5D7438A8852B;/UNIR08. Soporte de Reloj checador/UNIR 8.5 Alta de huellas;
EBAECCFB-2FE1-4A2C-96E7-C728DD218245;UNIR 8.3 Generación de Respaldos del OTM;F4F67C1A-8103-4DDF-9FD4-5D7438A8852B;/UNIR08. Soporte de Reloj checador/UNIR 8.3 Generación de Respaldos del OTM;
0905FB6C-42BE-4BB2-92FB-97A3A0C892EE;UNIR 8.4 Corrección de Fallas en OTM;F4F67C1A-8103-4DDF-9FD4-5D7438A8852B;/UNIR08. Soporte de Reloj checador/UNIR 8.4 Corrección de Fallas en OTM;
D79DDEED-C51B-4109-97CC-975AFE9E51E0;Configuración de Servidor;F220ADCD-2658-4825-89ED-815B7CA6C1AD;/GCTI. CC-Servidores/Configuración de Servidor;
E308B673-DD3E-4D06-8E0B-987C9933E69A;Seguridad Local;F220ADCD-2658-4825-89ED-815B7CA6C1AD;/GCTI. CC-Servidores/Seguridad Local;
D5F5F853-B122-4445-A08C-D76604511E84;Reemplazo o Sustitución de Hardware;F220ADCD-2658-4825-89ED-815B7CA6C1AD;/GCTI. CC-Servidores/Reemplazo o Sustitución de Hardware;
9FE5A44F-0638-47C8-A787-0FE86E4A8BF2;Instalación de Servidor;F220ADCD-2658-4825-89ED-815B7CA6C1AD;/GCTI. CC-Servidores/Instalación de Servidor;
06D3E726-69E4-4C46-A960-3D249D5E6FCE;Mantenimiento Correctivo;F220ADCD-2658-4825-89ED-815B7CA6C1AD;/GCTI. CC-Servidores/Mantenimiento Correctivo;
2C547D80-35AB-4A5A-BCC2-B7C5F9119F4B;Administración de Recursos;F220ADCD-2658-4825-89ED-815B7CA6C1AD;/GCTI. CC-Servidores/Administración de Recursos;
CB55A654-B020-4C03-9E0D-DEFC53D63610;Mantenimiento Preventivo;F220ADCD-2658-4825-89ED-815B7CA6C1AD;/GCTI. CC-Servidores/Mantenimiento Preventivo;
3DD1DB30-07E4-4336-9DF0-74B4C111430D;PUNTOS28.1 Fallas en XenServer;F09CB3B0-69CE-4172-8C31-7734DD75587E;/PUNTOS28. Soporte XenServer/PUNTOS28.1 Fallas en XenServer;
17165E10-585B-4ED5-847C-0A2C3FFF8115;UNIR6.1. Configuración de Red Inalámbrica;F08598F3-C5AE-4546-9DEB-CF5804817645;/UNIR06. Servicio de Asesoría a Alumnos y Maestros/UNIR6.1. Configuración de Red Inalámbrica;
5240F5C5-5935-4523-AA9F-A420AB639135;UNIR6.3. Instalación de Equipos Periféricos en Salones UNIR;F08598F3-C5AE-4546-9DEB-CF5804817645;/UNIR06. Servicio de Asesoría a Alumnos y Maestros/UNIR6.3. Instalación de Equipos Periféricos en Salones UNIR;
6FA4617D-2846-4DE4-B789-AB2F0505CE64;UNIR6.2. Falla de conexión a Internet;F08598F3-C5AE-4546-9DEB-CF5804817645;/UNIR06. Servicio de Asesoría a Alumnos y Maestros/UNIR6.2. Falla de conexión a Internet;
276D29B7-BE3A-49D1-B5E1-1937DB720190;Compra de licencias;EF1502E7-BD18-47E8-8FC7-DC50DFFB5E2C;/GESTI 02. Compras/Compra de licencias;
EFD45B92-A2FD-44FE-AA02-23BB2F31F0CF;Compra de certificados;EF1502E7-BD18-47E8-8FC7-DC50DFFB5E2C;/GESTI 02. Compras/Compra de certificados;
17C5F0E2-344B-4800-9C55-966E097558C2;Renovacion de certificados y dominios;EF1502E7-BD18-47E8-8FC7-DC50DFFB5E2C;/GESTI 02. Compras/Renovacion de certificados y dominios;
5E7997BF-5284-4586-834C-A6C8D0A72D00;Adquisicion de equipo de computo;EF1502E7-BD18-47E8-8FC7-DC50DFFB5E2C;/GESTI 02. Compras/Adquisicion de equipo de computo;
756652D4-DB6B-4B10-9EBA-9FC3A4192E7F;Compra de accesorios de equipo de computo;EF1502E7-BD18-47E8-8FC7-DC50DFFB5E2C;/GESTI 02. Compras/Compra de accesorios de equipo de computo;
5C3A0D6E-790C-4B18-B185-7F2F738C2C15;PUNTOS19.1 Falla de hipervisor Hyper-V;ED407C6A-1E29-44C8-91EE-46413A89C869;/PUNTOS19. Soporte hyper-V/PUNTOS19.1 Falla de hipervisor Hyper-V;
5E1F6D9E-160C-435F-B991-C75A16DCC89E;KANANFLEET 1.1 Alta de cliente;EB3A3C5C-EDC2-4D7B-85C8-CDC715D9F212;/Kananfleet 01. Administración de infraestructura azure /KANANFLEET 1.1 Alta de cliente;
D9B21459-F1B2-4961-8E42-E3B3E119B659;1.3 Hardware (Cambios);EB06E20F-F162-40C3-94E5-F64B889E28D9;/CONAUTO - CAMBIOS/INF-CONA-01 Servidores/1.3 Hardware (Cambios);
29D68B63-ED24-4B71-B5AE-ACE75B767358;1.8 Firewall Local;EB06E20F-F162-40C3-94E5-F64B889E28D9;/CONAUTO - CAMBIOS/INF-CONA-01 Servidores/1.8 Firewall Local;
2C56ACE5-07AE-4BEE-B47E-128B32A83B9F;1.4 Funcion - Rol;EB06E20F-F162-40C3-94E5-F64B889E28D9;/CONAUTO - CAMBIOS/INF-CONA-01 Servidores/1.4 Funcion - Rol;
028AC3ED-AA0A-40F2-AF41-A1A6E14BB9E3;1.7 Publicacion Servidor DMZ;EB06E20F-F162-40C3-94E5-F64B889E28D9;/CONAUTO - CAMBIOS/INF-CONA-01 Servidores/1.7 Publicacion Servidor DMZ;
1F56BFD0-5B43-49F5-8C7C-BE90E7FB4463;1.6 Mantenimiento Preventivo;EB06E20F-F162-40C3-94E5-F64B889E28D9;/CONAUTO - CAMBIOS/INF-CONA-01 Servidores/1.6 Mantenimiento Preventivo;
6ACFFD0E-335F-4D68-A36A-2AB1F6EC2F82;1.2 Sistema Operativo;EB06E20F-F162-40C3-94E5-F64B889E28D9;/CONAUTO - CAMBIOS/INF-CONA-01 Servidores/1.2 Sistema Operativo;
944EBF84-AFD8-4697-94F9-F38561D3D524;1.1 Configuraciones;EB06E20F-F162-40C3-94E5-F64B889E28D9;/CONAUTO - CAMBIOS/INF-CONA-01 Servidores/1.1 Configuraciones;
5EEB16D4-A9EE-4D95-9DBB-3121FEA3F390;1.10 Mantenimiento Correctivo;EB06E20F-F162-40C3-94E5-F64B889E28D9;/CONAUTO - CAMBIOS/INF-CONA-01 Servidores/1.10 Mantenimiento Correctivo;
4EE06BF4-42FB-479C-90A6-90E273EA4726;1.5 Almacenamiento;EB06E20F-F162-40C3-94E5-F64B889E28D9;/CONAUTO - CAMBIOS/INF-CONA-01 Servidores/1.5 Almacenamiento;
0ABB68EB-F216-485B-B7DE-360604170541;1.9 Seguidad Local;EB06E20F-F162-40C3-94E5-F64B889E28D9;/CONAUTO - CAMBIOS/INF-CONA-01 Servidores/1.9 Seguidad Local;
27B84C78-600B-4787-8191-34A51424470F;PUNTOS15.1 Fallas de Access Gateway;EAC061EF-F145-4503-9A48-6E38FD1B5D76;/PUNTOS15. Soporte access gateway/PUNTOS15.1 Fallas de Access Gateway;
88DEA382-D8B7-4104-9CC2-02DC3E6ACFA8;5.3 Configuración de impresora - 2 Hrs;E68F0CC1-8CCB-4E54-9802-BDE8795198A4;/CONAUTO 05. Servicios de Impresora/5.3 Configuración de impresora - 2 Hrs;
340C07F8-7DDA-4FD0-BC0C-5ADC353BDA99;5.4 Solicitud de impresión - 2 Hrs;E68F0CC1-8CCB-4E54-9802-BDE8795198A4;/CONAUTO 05. Servicios de Impresora/5.4 Solicitud de impresión - 2 Hrs;
2DEF816E-AFFF-43D0-9C1D-1B73E7591D6D;5.2 Solicitud de permisos para imprimir a color - 2 Hrs;E68F0CC1-8CCB-4E54-9802-BDE8795198A4;/CONAUTO 05. Servicios de Impresora/5.2 Solicitud de permisos para imprimir a color - 2 Hrs;
B7AB1B13-A28A-4955-98C2-EF2A439736D3;5.6 Fallas de impresora - 39 Hrs;E68F0CC1-8CCB-4E54-9802-BDE8795198A4;/CONAUTO 05. Servicios de Impresora/5.6 Fallas de impresora - 39 Hrs;
9223C516-874B-402E-A517-F4BFBD5A1041;5.7 Fallas de impresión - 39 Hrs;E68F0CC1-8CCB-4E54-9802-BDE8795198A4;/CONAUTO 05. Servicios de Impresora/5.7 Fallas de impresión - 39 Hrs;
EC2CF722-76A3-475A-A0F2-0241444EA205;5.5 Actualización Contraseña Escáner - 2 Hrs;E68F0CC1-8CCB-4E54-9802-BDE8795198A4;/CONAUTO 05. Servicios de Impresora/5.5 Actualización Contraseña Escáner - 2 Hrs;
8FF75F5E-39BA-4B73-B820-4787950ED8A8;5.1 Cambio de tóner - 39 Hrs;E68F0CC1-8CCB-4E54-9802-BDE8795198A4;/CONAUTO 05. Servicios de Impresora/5.1 Cambio de tóner - 39 Hrs;
816EB33F-7EDA-4670-B1FB-29B0F2FDD6EF;1.3  Gestión de Garantías;E5C9853D-A692-48CE-BA1E-89781E903A0F;/GCTI 01. Apoyo administrativo/1.3  Gestión de Garantías;
0D9AD90A-8F39-42B9-9359-AEADF293BCD6;1.9 Generación de reportes;E5C9853D-A692-48CE-BA1E-89781E903A0F;/GCTI 01. Apoyo administrativo/1.9 Generación de reportes;
6A515DC5-51A3-4ABC-B2BF-1143DF407A47;1.8  Solicitud de información;E5C9853D-A692-48CE-BA1E-89781E903A0F;/GCTI 01. Apoyo administrativo/1.8  Solicitud de información;
3895AF20-9547-42A5-84C2-2E7A46F359EE;1.6  Revisión de estado de cuenta de puntos;E5C9853D-A692-48CE-BA1E-89781E903A0F;/GCTI 01. Apoyo administrativo/1.6  Revisión de estado de cuenta de puntos;
1315EB92-BA3A-48FB-BEB2-FBA2BA0E5A4E;1.10 OT;E5C9853D-A692-48CE-BA1E-89781E903A0F;/GCTI 01. Apoyo administrativo/1.10 OT;
D910B14C-24CB-4CCF-93DE-BC5D70064D2E;1.7  Generación de informe de usuarios activos en el dominio;E5C9853D-A692-48CE-BA1E-89781E903A0F;/GCTI 01. Apoyo administrativo/1.7  Generación de informe de usuarios activos en el dominio;
6D294A47-5E30-48A2-8FB1-21E4D346433A;1.4  Instalación o modificación de infraestructura;E5C9853D-A692-48CE-BA1E-89781E903A0F;/GCTI 01. Apoyo administrativo/1.4  Instalación o modificación de infraestructura;
371385B4-95D8-49DB-94F1-72929859382E;1.5  Revisión y diagnóstico de infraestructura;E5C9853D-A692-48CE-BA1E-89781E903A0F;/GCTI 01. Apoyo administrativo/1.5  Revisión y diagnóstico de infraestructura;
78375689-6B1B-43F6-AA11-53F98D3295CE;1.1 Generación de encuestas de calidad;E5C9853D-A692-48CE-BA1E-89781E903A0F;/GCTI 01. Apoyo administrativo/1.1 Generación de encuestas de calidad;
53997E21-394E-47FE-A151-3AC43784F04A;1.2  Generación de reportes de puntos;E5C9853D-A692-48CE-BA1E-89781E903A0F;/GCTI 01. Apoyo administrativo/1.2  Generación de reportes de puntos;
8E183137-A26C-41E8-88AF-28E9786E31BD;24.1 Implementación de proyectos de TI;E5C1C522-2ECC-4DEF-B8F2-3E5E659FAC79;/GCTI 24. Proyectos/24.1 Implementación de proyectos de TI;
2C96D055-5AE4-4A18-973F-C58B0D760632;3.2 Direccionamiento IP Público;E52B36F7-BC1E-4B7F-BE7F-71718205C9E8;/CONAUTO - CAMBIOS/INF-CONA-03 Firewall/3.2 Direccionamiento IP Público;
EC6A5C06-00F4-4FA2-ADD1-38AF7D703EE7;3.6 Politicas de Monitoreo;E52B36F7-BC1E-4B7F-BE7F-71718205C9E8;/CONAUTO - CAMBIOS/INF-CONA-03 Firewall/3.6 Politicas de Monitoreo;
420D2189-1876-4418-8FD1-47621544649D;3.8 Gestion de Usuarios y Permisos;E52B36F7-BC1E-4B7F-BE7F-71718205C9E8;/CONAUTO - CAMBIOS/INF-CONA-03 Firewall/3.8 Gestion de Usuarios y Permisos;
4927D92C-885C-44B6-8FB3-300179426069;3.11 Configuración de Hardware;E52B36F7-BC1E-4B7F-BE7F-71718205C9E8;/CONAUTO - CAMBIOS/INF-CONA-03 Firewall/3.11 Configuración de Hardware;
2A9C2D77-640D-4221-B11D-87966E201E28;3.10 Conexiones VPN Site-to-Site;E52B36F7-BC1E-4B7F-BE7F-71718205C9E8;/CONAUTO - CAMBIOS/INF-CONA-03 Firewall/3.10 Conexiones VPN Site-to-Site;
344728D2-EE75-4E72-A124-A91F94EFC83F;3.5 Politicas de Seguridad;E52B36F7-BC1E-4B7F-BE7F-71718205C9E8;/CONAUTO - CAMBIOS/INF-CONA-03 Firewall/3.5 Politicas de Seguridad;
96A53F16-F441-4B2D-B20D-1C9D9AAA23AF;3.7 Reglas de Firewall;E52B36F7-BC1E-4B7F-BE7F-71718205C9E8;/CONAUTO - CAMBIOS/INF-CONA-03 Firewall/3.7 Reglas de Firewall;
E16E4EDE-5139-4DD5-A350-956DEF8E66BE;3.9 Conexiones Remotas;E52B36F7-BC1E-4B7F-BE7F-71718205C9E8;/CONAUTO - CAMBIOS/INF-CONA-03 Firewall/3.9 Conexiones Remotas;
8466D43B-68CE-427B-B065-CA6AF834DCA2;PUNTOS6.1 Fallas de Exchange;E21E16E0-D48F-4D83-8986-D696958D1C55;/PUNTOS06. Exchange/PUNTOS6.1 Fallas de Exchange;
D85CC051-C3C5-4C80-AFB5-B313783A9070;PUNTOS5.1 Falla de Directorio Activo;E074F4C6-A126-4047-9604-5E2E1B0AB836;/PUNTOS05. Directorio activo/PUNTOS5.1 Falla de Directorio Activo;
99A57917-5F7C-42DA-8EA2-BB5D01E068D1;Fase 2- Catalogo de servicios;DABBA3FD-27B7-4A61-9BA3-B610B240AF9C;/Proyectos/XCARET: Consultoría ITSM/Fase 2- Catalogo de servicios;
0150C1D9-F363-4833-A1CF-4411B47A714A;Fase 1- Conciencia del cambio;DABBA3FD-27B7-4A61-9BA3-B610B240AF9C;/Proyectos/XCARET: Consultoría ITSM/Fase 1- Conciencia del cambio;
30A24AB5-E392-4C1D-95E4-5F6EDC8ECE67;Fase 4- Mejora Continua;DABBA3FD-27B7-4A61-9BA3-B610B240AF9C;/Proyectos/XCARET: Consultoría ITSM/Fase 4- Mejora Continua;
BF4B79CD-6A53-474D-ACB6-644345EF5570;Fase 3- Niveles de servicio;DABBA3FD-27B7-4A61-9BA3-B610B240AF9C;/Proyectos/XCARET: Consultoría ITSM/Fase 3- Niveles de servicio;
3FDDD3FC-5547-43EB-9237-7A3810992838;Configuración de Switches;D9C518F4-71A7-41FC-A2A6-FFEFAAB6751A;/GCTI. CC-Red LAN e Inalámbrica/Configuración de Switches;
0B4B44FB-966F-4BEC-9D81-846EE43ED072;Configuración DHCP;D9C518F4-71A7-41FC-A2A6-FFEFAAB6751A;/GCTI. CC-Red LAN e Inalámbrica/Configuración DHCP;
CB327A73-38FF-4281-9168-13399C6B2F51;Gestión de VLAN;D9C518F4-71A7-41FC-A2A6-FFEFAAB6751A;/GCTI. CC-Red LAN e Inalámbrica/Gestión de VLAN;
DC02BE3F-97B8-4256-BF04-765ED28D8E0E;Reemplazo o Sustitución de Hardware;D9C518F4-71A7-41FC-A2A6-FFEFAAB6751A;/GCTI. CC-Red LAN e Inalámbrica/Reemplazo o Sustitución de Hardware;
A7D98998-BEDE-49A9-A17F-DDFB7AC9FC80;Gestión de Usuarios (Inalámbrica);D9C518F4-71A7-41FC-A2A6-FFEFAAB6751A;/GCTI. CC-Red LAN e Inalámbrica/Gestión de Usuarios (Inalámbrica);
03A7D407-625D-4A56-87AF-D165137F7333;Configuración de Interfases;D9C518F4-71A7-41FC-A2A6-FFEFAAB6751A;/GCTI. CC-Red LAN e Inalámbrica/Configuración de Interfases;
F12473D0-9397-4E77-BC12-97545DD31BA1;Monitoreo de dispositivos;D9C518F4-71A7-41FC-A2A6-FFEFAAB6751A;/GCTI. CC-Red LAN e Inalámbrica/Monitoreo de dispositivos;
19CD822A-C151-4893-B1B1-FC679B89CF11;Respaldos de configuracion;D9C518F4-71A7-41FC-A2A6-FFEFAAB6751A;/GCTI. CC-Red LAN e Inalámbrica/Respaldos de configuracion;
1DAB871E-1B0C-4D66-97C5-C5A9D7DF6452;Gestión de Redes y Permisos;D9C518F4-71A7-41FC-A2A6-FFEFAAB6751A;/GCTI. CC-Red LAN e Inalámbrica/Gestión de Redes y Permisos;
C8141350-0A9F-4BC2-8AC3-2601DB77BEEE;Gestión de VLAN Voz;D9C518F4-71A7-41FC-A2A6-FFEFAAB6751A;/GCTI. CC-Red LAN e Inalámbrica/Gestión de VLAN Voz;
5BC7275B-82C3-4128-84D6-9262B3A245A3;Rutas Estáticas;D9C518F4-71A7-41FC-A2A6-FFEFAAB6751A;/GCTI. CC-Red LAN e Inalámbrica/Rutas Estáticas;
7BEDF763-97D5-416F-A84F-FB87843CDC68;Permisos Administrativos;D9C518F4-71A7-41FC-A2A6-FFEFAAB6751A;/GCTI. CC-Red LAN e Inalámbrica/Permisos Administrativos;
ADABBFD8-552C-43ED-88B5-4E2F283EA053;PUNTOS 12.4 Cambio de password;D7F2E5DB-FA49-4D36-B176-14096059D77C;/PUNTOS12. Servicios de infraestructura/PUNTOS 12.4 Cambio de password;
0671AB61-0260-452B-B45B-C897525C0C2E;PUNTOS12.1 Instalación o modificación de infraestructura.;D7F2E5DB-FA49-4D36-B176-14096059D77C;/PUNTOS12. Servicios de infraestructura/PUNTOS12.1 Instalación o modificación de infraestructura.;
26C8AB2C-B988-4619-A322-D6CCE200D47F;PUNTOS12.2 Revisión y diagnóstico de infraestructura;D7F2E5DB-FA49-4D36-B176-14096059D77C;/PUNTOS12. Servicios de infraestructura/PUNTOS12.2 Revisión y diagnóstico de infraestructura;
8801C96A-3055-487E-81DC-9AA3A146AC31;PUNTOS 12.5 Plan de trabajo;D7F2E5DB-FA49-4D36-B176-14096059D77C;/PUNTOS12. Servicios de infraestructura/PUNTOS 12.5 Plan de trabajo;
736BFA87-347B-482B-8B4E-364F8F3CF016;PUNTOS 12.3 Revision de maquina virtual;D7F2E5DB-FA49-4D36-B176-14096059D77C;/PUNTOS12. Servicios de infraestructura/PUNTOS 12.3 Revision de maquina virtual;
746E4D06-152A-474C-B45E-3BDF86C0D40B;TELERED 2.4 Capacitaciones del funcionamiento del Portal;D7392146-90A7-4966-9E7D-93F253323523;/TELERED 02 FrontEnd/TELERED 2.4 Capacitaciones del funcionamiento del Portal;
601005FE-43E2-49A2-BAAD-DAF6ABE10F35;TELERED 2.5 Asesoria de API's;D7392146-90A7-4966-9E7D-93F253323523;/TELERED 02 FrontEnd/TELERED 2.5 Asesoria de API's;
7A3D59B5-8928-4B0D-9059-29785F93C94D;TELERED 2.3 Inconsistencia de Datos;D7392146-90A7-4966-9E7D-93F253323523;/TELERED 02 FrontEnd/TELERED 2.3 Inconsistencia de Datos;
13D0F32A-2922-4BB1-8CE1-13E7752E616C;TELERED 2.2 Fallo en funcionamiento del portal;D7392146-90A7-4966-9E7D-93F253323523;/TELERED 02 FrontEnd/TELERED 2.2 Fallo en funcionamiento del portal;
3FE04E8C-8179-4985-AF1C-8B1F588AA5DB;TELERED 2.1 Interrupción del servicio del portal;D7392146-90A7-4966-9E7D-93F253323523;/TELERED 02 FrontEnd/TELERED 2.1 Interrupción del servicio del portal;
35442968-D193-4DE4-8224-525729D1F6DE;TELERED 2.6 Configuraciones Generales;D7392146-90A7-4966-9E7D-93F253323523;/TELERED 02 FrontEnd/TELERED 2.6 Configuraciones Generales;
A3F4C293-B4DA-4AA2-B761-6ADB95F30657;UNIR 10.3 Creación de Cuentas de AD para FileServer;D6B19F31-EA87-4F4B-8E68-ACA567BC282A;/UNIR10. Administración del File Server/UNIR 10.3 Creación de Cuentas de AD para FileServer;
0F2F8316-00B2-43A5-9E11-11ABCBCFF7C2;UNIR 10.2 Creación de Carpetas en el FileServer;D6B19F31-EA87-4F4B-8E68-ACA567BC282A;/UNIR10. Administración del File Server/UNIR 10.2 Creación de Carpetas en el FileServer;
EDAA8683-AB1C-4EF3-BA08-BABCBE030D0A;UNIR 10.1 Administración de accesos del Fileserver;D6B19F31-EA87-4F4B-8E68-ACA567BC282A;/UNIR10. Administración del File Server/UNIR 10.1 Administración de accesos del Fileserver;
8EA8D967-DF05-4A99-9AE8-37033BE91865;UNIR 10.4 Mapeo de Unidades de Red del FileServer;D6B19F31-EA87-4F4B-8E68-ACA567BC282A;/UNIR10. Administración del File Server/UNIR 10.4 Mapeo de Unidades de Red del FileServer;
B895C38F-F495-493A-B941-8A09C016D407;Fase 03: Consultoria SAP;D01FE650-2BB3-4EAD-8D11-E2AD94D77C9E;/Proyectos/PETROMAYAB: MIDDLEWARE/Fase 03: Consultoria SAP;
7CB3C5BF-D34D-4FBF-8656-7FE1F71E3B24;Fase 04: Portal de solicitudes;D01FE650-2BB3-4EAD-8D11-E2AD94D77C9E;/Proyectos/PETROMAYAB: MIDDLEWARE/Fase 04: Portal de solicitudes;
23A6EEE6-76E7-4109-9AE5-C1F9EA14FD1D;Fase 08: KANANFLEET;D01FE650-2BB3-4EAD-8D11-E2AD94D77C9E;/Proyectos/PETROMAYAB: MIDDLEWARE/Fase 08: KANANFLEET;
D315D8A9-E77B-4A41-9707-35BBB456D1D5;Fase 07: BOT ENTRE COMPAÑIAS;D01FE650-2BB3-4EAD-8D11-E2AD94D77C9E;/Proyectos/PETROMAYAB: MIDDLEWARE/Fase 07: BOT ENTRE COMPAÑIAS;
4EF6F66E-9329-4A6A-AE6A-625015F8C300;Fase 06: BOT MGC;D01FE650-2BB3-4EAD-8D11-E2AD94D77C9E;/Proyectos/PETROMAYAB: MIDDLEWARE/Fase 06: BOT MGC;
CA27D322-A359-4942-9EC1-10103E8DA48F;Fase 05: Middleware;D01FE650-2BB3-4EAD-8D11-E2AD94D77C9E;/Proyectos/PETROMAYAB: MIDDLEWARE/Fase 05: Middleware;
39671D48-1790-4D8D-8420-4BC70B1E54D0;Fase 02: Levantamiento y analisis;D01FE650-2BB3-4EAD-8D11-E2AD94D77C9E;/Proyectos/PETROMAYAB: MIDDLEWARE/Fase 02: Levantamiento y analisis;
FA69D444-8269-4205-A57E-4089D7CCF41A;Fase 01: Configuracion inicial;D01FE650-2BB3-4EAD-8D11-E2AD94D77C9E;/Proyectos/PETROMAYAB: MIDDLEWARE/Fase 01: Configuracion inicial;
F8D70FC9-E4DD-425C-8E58-7BB78985C8ED;2.5 Registros DNS;CF7894A7-4E7A-40B5-A29E-CBC4263EF668;/CONAUTO - CAMBIOS/INF-CONA-02 Internet (MCM - C3ntro)/2.5 Registros DNS;
CD86A48B-1AB2-48FA-84B0-E6A3CC5CDCB4;2.1 Rutas Estaticas;CF7894A7-4E7A-40B5-A29E-CBC4263EF668;/CONAUTO - CAMBIOS/INF-CONA-02 Internet (MCM - C3ntro)/2.1 Rutas Estaticas;
B2EB0C2B-81D4-45CE-BED1-1A5EBB97F634;2.7 Puertas de Enlace;CF7894A7-4E7A-40B5-A29E-CBC4263EF668;/CONAUTO - CAMBIOS/INF-CONA-02 Internet (MCM - C3ntro)/2.7 Puertas de Enlace;
79705577-7EBC-4725-8045-355E237A7466;2.6 Administración de Dominios Publicos;CF7894A7-4E7A-40B5-A29E-CBC4263EF668;/CONAUTO - CAMBIOS/INF-CONA-02 Internet (MCM - C3ntro)/2.6 Administración de Dominios Publicos;
FCD3CCC2-871A-41B8-B734-DF12C7F13AD5;2.2 Direccionamiento IP Público;CF7894A7-4E7A-40B5-A29E-CBC4263EF668;/CONAUTO - CAMBIOS/INF-CONA-02 Internet (MCM - C3ntro)/2.2 Direccionamiento IP Público;
96F13102-0B1E-48AB-8272-71FDDEF1D46E;23.1 Revisión y diagnóstico de infraestructura;CF23FAEC-8C70-4996-98E0-F05920E7A978;/CONAUTO 23  Apoyo administrativo/23.1 Revisión y diagnóstico de infraestructura;
FB509DC4-6B76-4173-90A9-EC8ACF91F35D;UNIR18.1.3.1 Alta de calificaciones en BitAcademic;CF137821-EC50-4ED0-ADCE-4A360C2527FA;/UNIR18. Aplicaciones Académicas/UNIR18.1. Creeze/UNIR18.1.3 Control de Calificaciones/UNIR18.1.3.1 Alta de calificaciones en BitAcademic;
15597C40-519A-422B-8F0B-CBB09C153B76;3.6 Respaldos de cuentas;CE9A126D-F286-401B-839B-A887BBA93A5E;/GCTI 03. Correo Electrónico/3.6 Respaldos de cuentas;
62F0BDFC-1E45-410F-AA8A-BFEE7DD1FE89;3.4 Forwarding;CE9A126D-F286-401B-839B-A887BBA93A5E;/GCTI 03. Correo Electrónico/3.4 Forwarding;
3517BEDA-341B-461D-876F-6DF436A07D57;3.5 Bajas de cuentas;CE9A126D-F286-401B-839B-A887BBA93A5E;/GCTI 03. Correo Electrónico/3.5 Bajas de cuentas;
20512EF2-B8B7-4F7A-B082-5D090C95FDF9;3.3 Falla de correo outlook;CE9A126D-F286-401B-839B-A887BBA93A5E;/GCTI 03. Correo Electrónico/3.3 Falla de correo outlook;
742B905B-9F3E-45E5-9BC9-06497E774542;3.12 Configuracion de nombre a mostrar;CE9A126D-F286-401B-839B-A887BBA93A5E;/GCTI 03. Correo Electrónico/3.12 Configuracion de nombre a mostrar;
7653E55B-F67A-419F-80C8-56BDC5DF93CE;3.1 Creación de buzón;CE9A126D-F286-401B-839B-A887BBA93A5E;/GCTI 03. Correo Electrónico/3.1 Creación de buzón;
0A42D09F-461D-4C57-98CE-D627C4D2CF3F;3.2 Crear lista de distribución;CE9A126D-F286-401B-839B-A887BBA93A5E;/GCTI 03. Correo Electrónico/3.2 Crear lista de distribución;
BF44448D-BA8B-4F59-96F7-08686471125E;3.8 Configuración de idioma;CE9A126D-F286-401B-839B-A887BBA93A5E;/GCTI 03. Correo Electrónico/3.8 Configuración de idioma;
C7640294-86FE-4696-897E-AD7314314278;3.10 Falla en envio de reportes;CE9A126D-F286-401B-839B-A887BBA93A5E;/GCTI 03. Correo Electrónico/3.10 Falla en envio de reportes;
14D49E75-22C3-47B6-8CDB-3A1A3286BECE;3.9 Alta de cuentas;CE9A126D-F286-401B-839B-A887BBA93A5E;/GCTI 03. Correo Electrónico/3.9 Alta de cuentas;
FAC33678-4A3E-460D-A739-8B0412CCC931;3.11 Configuracion de reportes;CE9A126D-F286-401B-839B-A887BBA93A5E;/GCTI 03. Correo Electrónico/3.11 Configuracion de reportes;
3AE1EE49-034A-41C0-919E-761B366B3287;3.7 Creación de Alias;CE9A126D-F286-401B-839B-A887BBA93A5E;/GCTI 03. Correo Electrónico/3.7 Creación de Alias;
13A689C2-6472-4985-BD12-1296C0AA1299;2.3 Instalación de Windows Server;CD7D65B8-C78F-4587-AAD6-89A078B55A5E;/GCTI 02. Windows Server/2.3 Instalación de Windows Server;
A4A99D05-5B84-4A46-BBEA-5FD439390776;2.2 ISO de Windows Server;CD7D65B8-C78F-4587-AAD6-89A078B55A5E;/GCTI 02. Windows Server/2.2 ISO de Windows Server;
8BC29A54-D5B5-4F91-8846-1600659C02A9;2.1 Licencias windows Server;CD7D65B8-C78F-4587-AAD6-89A078B55A5E;/GCTI 02. Windows Server/2.1 Licencias windows Server;
BB4FD413-4FB9-44CE-8C39-C4B84583A80C;UNIR17.1.1 Fallo en la aplicación;CD73420B-1535-4219-8A8C-C64B61698D67;/UNIR17. Soporte a aplicaciones/UNIR17.1. Creeze/UNIR17.1.1 Fallo en la aplicación;
287E59F1-C4CF-4A9B-AEF6-438CA67AAE45;UNIR17.1.2 Soporte de plataforma;CD73420B-1535-4219-8A8C-C64B61698D67;/UNIR17. Soporte a aplicaciones/UNIR17.1. Creeze/UNIR17.1.2 Soporte de plataforma;
E2AC16C6-8D0F-4B91-8B12-2DD1D1E54F58;PUNTOS10.1  Falla de DNS;C896B096-A589-45E2-A883-E76118486C8C;/PUNTOS10. Servicio de DNS/PUNTOS10.1  Falla de DNS;
3430999D-C3AB-4E71-98EC-199332FE6045;Configuración de Accesos y Permisos;C7CC0DB6-59CB-4383-A7CA-9F7C3633C3B2;/GCTI. CC-Repositorios de Información/Configuración de Accesos y Permisos;
E1715289-FD9B-4510-AF21-B0C61A5BC8B7;Configuración de Almacenamiento One Drive;C7CC0DB6-59CB-4383-A7CA-9F7C3633C3B2;/GCTI. CC-Repositorios de Información/Configuración de Almacenamiento One Drive;
FE70267B-49C4-469D-9F7D-19DF44D0C389;Gestión de Almacenamiento One Drive;C7CC0DB6-59CB-4383-A7CA-9F7C3633C3B2;/GCTI. CC-Repositorios de Información/Gestión de Almacenamiento One Drive;
E2E20735-A68D-431C-8D4E-6B488DAD65B8;Gestión de Almacenamiento FileServer;C7CC0DB6-59CB-4383-A7CA-9F7C3633C3B2;/GCTI. CC-Repositorios de Información/Gestión de Almacenamiento FileServer;
FB6EEB9F-501F-471C-AB16-958D024A5DB0;Configuración de Almacenamiento FileServer;C7CC0DB6-59CB-4383-A7CA-9F7C3633C3B2;/GCTI. CC-Repositorios de Información/Configuración de Almacenamiento FileServer;
70FAF93E-DFEA-48E7-A29B-1646CA0EAA98;Gestión de Almacenamiento SharePoint;C7CC0DB6-59CB-4383-A7CA-9F7C3633C3B2;/GCTI. CC-Repositorios de Información/Gestión de Almacenamiento SharePoint;
00255D03-410C-47F3-93B9-34D8E976008A;Almacenamiento y Depuracion;C7CC0DB6-59CB-4383-A7CA-9F7C3633C3B2;/GCTI. CC-Repositorios de Información/Almacenamiento y Depuracion;
19AB0F6B-3A4E-45D9-AB9B-C133D3544AD5;Configuración de Almacenamiento SharePoint;C7CC0DB6-59CB-4383-A7CA-9F7C3633C3B2;/GCTI. CC-Repositorios de Información/Configuración de Almacenamiento SharePoint;
DE891D64-61C5-44F3-82E8-17DCB1357329;24.1 Alta de usuario -4Hrs;C60C918A-EFCE-46AD-A865-84D6BAAD0FC0;/CONAUTO 24. Estado de cuenta WEB/24.1 Alta de usuario -4Hrs;
9AC491F8-E665-40FA-8A8F-2FFB5A4CDAF6;24.2 Modificación de contraseña -4Hrs;C60C918A-EFCE-46AD-A865-84D6BAAD0FC0;/CONAUTO 24. Estado de cuenta WEB/24.2 Modificación de contraseña -4Hrs;
BBE86A8E-E645-4A11-8C7C-8838545F640A;Requerimientos adicionales al proyecto.;C4D8450E-D314-44F1-875F-9C9F102F23AD;/Proyectos/CONAUTO: Contrato WEB/Requerimientos adicionales al proyecto.;
1DC98557-BA3A-479F-9137-E3B7819E33B2;Soportes adicionales al proyecto.;C4D8450E-D314-44F1-875F-9C9F102F23AD;/Proyectos/CONAUTO: Contrato WEB/Soportes adicionales al proyecto.;
097341B0-E670-4183-B551-A1007E45F7F0;1.6 Préstamos de equipos de cómputo y accesorios -  39 Hrs;C3ECDA32-1929-454E-B1AF-ABB1EB61EEDC;/CONAUTO 01. Equipo de computo/1.6 Préstamos de equipos de cómputo y accesorios -  39 Hrs;
90AF7D5B-BD9E-42C5-96A2-FA4684A0D652;1.8 Falla de Hardware - 39 Hrs;C3ECDA32-1929-454E-B1AF-ABB1EB61EEDC;/CONAUTO 01. Equipo de computo/1.8 Falla de Hardware - 39 Hrs;
F77ED733-E7E8-46B4-94A2-A6F03836C2B3;1.7 Falla de Software - 5 Hrs;C3ECDA32-1929-454E-B1AF-ABB1EB61EEDC;/CONAUTO 01. Equipo de computo/1.7 Falla de Software - 5 Hrs;
F90ABBA4-EF8E-4C5D-AF90-6FB8EF47C9DC;1.2 Reubicación de equipo de cómputo - 8 Hrs;C3ECDA32-1929-454E-B1AF-ABB1EB61EEDC;/CONAUTO 01. Equipo de computo/1.2 Reubicación de equipo de cómputo - 8 Hrs;
B7BB6991-E601-4920-8513-1513B0ECD8B0;1.3 Instalación de software autorizado - 3 Hrs;C3ECDA32-1929-454E-B1AF-ABB1EB61EEDC;/CONAUTO 01. Equipo de computo/1.3 Instalación de software autorizado - 3 Hrs;
6D037B3D-1B9E-42AB-A3B5-2BBA0BB1F879;1.10 Mantenimiento correctivo - 39 Hrs;C3ECDA32-1929-454E-B1AF-ABB1EB61EEDC;/CONAUTO 01. Equipo de computo/1.10 Mantenimiento correctivo - 39 Hrs;
2B01F2D0-6AEC-4F11-A9A9-8D7F68AF2369;1.4 Actualización de Software - 8 Hrs;C3ECDA32-1929-454E-B1AF-ABB1EB61EEDC;/CONAUTO 01. Equipo de computo/1.4 Actualización de Software - 8 Hrs;
AC846EAC-F807-4199-837F-73C09C38A1CC;1.9 Falla de No break - 39 Hrs;C3ECDA32-1929-454E-B1AF-ABB1EB61EEDC;/CONAUTO 01. Equipo de computo/1.9 Falla de No break - 39 Hrs;
75B6FE2B-C2F9-43AA-9F59-3534040956D1;1.1 Compra de recursos tecnológicos - 104 Hrs;C3ECDA32-1929-454E-B1AF-ABB1EB61EEDC;/CONAUTO 01. Equipo de computo/1.1 Compra de recursos tecnológicos - 104 Hrs;
71692E31-5E43-4A95-87CD-EB91DED462BA;1.5 Mantenimiento preventivo - 39 Hrs;C3ECDA32-1929-454E-B1AF-ABB1EB61EEDC;/CONAUTO 01. Equipo de computo/1.5 Mantenimiento preventivo - 39 Hrs;
6C0FF078-FD76-4E14-8D24-BFEDBF80AB54;11.3 Pase PASS;C026FD42-449C-4682-A38B-3A9AE746E17B;/CONAUTO - CAMBIOS/INF-CONA-11 Despliegues/11.3 Pase PASS;
13B5FE56-B166-4B64-81FF-AB14052A70C2;11.2 Pase a QA;C026FD42-449C-4682-A38B-3A9AE746E17B;/CONAUTO - CAMBIOS/INF-CONA-11 Despliegues/11.2 Pase a QA;
34E66663-CDD8-4E1A-9AE5-09C0FEB50EC2;11.1 Pase a productivo;C026FD42-449C-4682-A38B-3A9AE746E17B;/CONAUTO - CAMBIOS/INF-CONA-11 Despliegues/11.1 Pase a productivo;
2852FC9A-4984-4B30-9F94-C76C225DE3DE;11.1 Verificación de Datos - 12 Hrs;BFE09A78-3A8D-48EA-806D-52818C6E9EC7;/CONAUTO 11. Soporte a Soporte a PLD - Anfexi/11.1 Verificación de Datos - 12 Hrs;
1C1BAD24-A9BD-4886-B3F2-F18C96D2AFEE;11.2 No presenta alertas - 12 Hrs;BFE09A78-3A8D-48EA-806D-52818C6E9EC7;/CONAUTO 11. Soporte a Soporte a PLD - Anfexi/11.2 No presenta alertas - 12 Hrs;
361CA334-4445-4B4D-8E1F-7FA23ECFB0AE;8.1 Falla de Nomipaq;BCE5A97B-FDDA-48A9-A380-E0C4FFEF0544;/GCTI 08. Nomipaq/8.1 Falla de Nomipaq;
E534B131-C1B5-4FC3-98B6-17FCC7299BC0;UNIR14.1 Seguimiento a solicitudes de desarrollo de software.;BBCE86B8-2451-4D0C-A206-07114933406C;/UNIR14. Servicio de gestion de proyectos/UNIR14.1 Seguimiento a solicitudes de desarrollo de software.;
B13E4DB9-1AE9-4008-A35C-57FD26EBD7D1;UNIR14.2 Administración de Proyectos;BBCE86B8-2451-4D0C-A206-07114933406C;/UNIR14. Servicio de gestion de proyectos/UNIR14.2 Administración de Proyectos;
C0AE4126-66AC-4BF1-9D16-DED1A8841518;UNIR17.1.1.1 Lentitud en el sistema;BB4FD413-4FB9-44CE-8C39-C4B84583A80C;/UNIR17. Soporte a aplicaciones/UNIR17.1. Creeze/UNIR17.1.1 Fallo en la aplicación/UNIR17.1.1.1 Lentitud en el sistema;
A1CB02B4-BA40-47FC-ADC6-25B335D5C370;UNIR17.1.1.6 Errores de registro;BB4FD413-4FB9-44CE-8C39-C4B84583A80C;/UNIR17. Soporte a aplicaciones/UNIR17.1. Creeze/UNIR17.1.1 Fallo en la aplicación/UNIR17.1.1.6 Errores de registro;
CF5B4636-EFB4-4BDA-A9F3-3B4B44E98F89;UNIR17.1.1.4 Plataforma no responde;BB4FD413-4FB9-44CE-8C39-C4B84583A80C;/UNIR17. Soporte a aplicaciones/UNIR17.1. Creeze/UNIR17.1.1 Fallo en la aplicación/UNIR17.1.1.4 Plataforma no responde;
B7D83F1C-D922-41CA-AE6D-E0CD10DACA6A;UNIR17.1.1.3 No permite subir tareas;BB4FD413-4FB9-44CE-8C39-C4B84583A80C;/UNIR17. Soporte a aplicaciones/UNIR17.1. Creeze/UNIR17.1.1 Fallo en la aplicación/UNIR17.1.1.3 No permite subir tareas;
3B63DD93-ECA5-44EC-BD7C-ACB0A1DB2814;UNIR17.1.1.2 No permite cargar materias;BB4FD413-4FB9-44CE-8C39-C4B84583A80C;/UNIR17. Soporte a aplicaciones/UNIR17.1. Creeze/UNIR17.1.1 Fallo en la aplicación/UNIR17.1.1.2 No permite cargar materias;
27F84747-BECD-43AA-A630-006B4207EAE5;UNIR17.1.1.5 Usuarios no pueden entrar a los cursos;BB4FD413-4FB9-44CE-8C39-C4B84583A80C;/UNIR17. Soporte a aplicaciones/UNIR17.1. Creeze/UNIR17.1.1 Fallo en la aplicación/UNIR17.1.1.5 Usuarios no pueden entrar a los cursos;
07460AD8-92F3-4827-91A1-C91B2F416361;1.1 Creación de usuario;BB04D69D-387E-46B6-8EA8-9A303E095527;/GESTI 01.Herramienta de Tickets ITSM/1.1 Creación de usuario;
B96A7B3A-64C9-4A22-ACE5-CD05622DAF5A;1.4 Configuraciones de la herramienta;BB04D69D-387E-46B6-8EA8-9A303E095527;/GESTI 01.Herramienta de Tickets ITSM/1.4 Configuraciones de la herramienta;
5F41C81D-48FF-4994-A948-4963FC0A57E9;1.3 Fallo de correo de la herramienta;BB04D69D-387E-46B6-8EA8-9A303E095527;/GESTI 01.Herramienta de Tickets ITSM/1.3 Fallo de correo de la herramienta;
2BF955DC-2F79-4F32-85D6-84C46910A32A;1.8 Falla en cronometro ;BB04D69D-387E-46B6-8EA8-9A303E095527;/GESTI 01.Herramienta de Tickets ITSM/1.8 Falla en cronometro ;
749231DC-0011-4F29-B380-5689586DF041;1.2 Falla de acceso a la herramienta;BB04D69D-387E-46B6-8EA8-9A303E095527;/GESTI 01.Herramienta de Tickets ITSM/1.2 Falla de acceso a la herramienta;
84EB7C2B-B637-4B87-94A2-1978672148E5;1.6 Reseteo de contraseña;BB04D69D-387E-46B6-8EA8-9A303E095527;/GESTI 01.Herramienta de Tickets ITSM/1.6 Reseteo de contraseña;
0DDCDCC7-0D0F-4C02-837A-10E2F0A1AE55;1.5 Modificacion de informacion de usuario;BB04D69D-387E-46B6-8EA8-9A303E095527;/GESTI 01.Herramienta de Tickets ITSM/1.5 Modificacion de informacion de usuario;
802BDB42-D5A1-4ED3-869F-AC61D7A2E1F5;1.7 Carga de elementos de conocimientos;BB04D69D-387E-46B6-8EA8-9A303E095527;/GESTI 01.Herramienta de Tickets ITSM/1.7 Carga de elementos de conocimientos;
EB04B38B-A657-429F-BE37-38D1947BD4C5;ENKONTROL 1.3 Aplicación de cambios;BA516727-3814-4AEC-ADF8-2DABBB21C0E3;/ENKONTROL 01.  Administración de infraestructura azure/ENKONTROL 1.3 Aplicación de cambios;
1A98946F-C16A-42B5-A42C-F4704D572A7C;ENKONTROL 1.2 Atención a fallos;BA516727-3814-4AEC-ADF8-2DABBB21C0E3;/ENKONTROL 01.  Administración de infraestructura azure/ENKONTROL 1.2 Atención a fallos;
6D4B5504-D64A-4FF5-8093-BF416C9C1884;ENKONTROL 1.7 Monitoreo y reportes;BA516727-3814-4AEC-ADF8-2DABBB21C0E3;/ENKONTROL 01.  Administración de infraestructura azure/ENKONTROL 1.7 Monitoreo y reportes;
5868F735-1AFE-476C-B41C-C557973B4050;ENKONTROL 1.4 Consultoría para cliente final;BA516727-3814-4AEC-ADF8-2DABBB21C0E3;/ENKONTROL 01.  Administración de infraestructura azure/ENKONTROL 1.4 Consultoría para cliente final;
BBE3316A-57AF-4640-AC2A-9D97E7C63EF2;ENKONTROL 1.5 Agregar o eliminar en cuentas de empresa ya creadas;BA516727-3814-4AEC-ADF8-2DABBB21C0E3;/ENKONTROL 01.  Administración de infraestructura azure/ENKONTROL 1.5 Agregar o eliminar en cuentas de empresa ya creadas;
59B0B6DD-A89F-4686-BE1C-7C3C9F0E239B;ENKONTROL 1.1  Alta de cliente;BA516727-3814-4AEC-ADF8-2DABBB21C0E3;/ENKONTROL 01.  Administración de infraestructura azure/ENKONTROL 1.1  Alta de cliente;
D6135744-69B5-46F8-BD72-BE1A4406901A;1.2 Alta cliente prueba - NO USAR;BA516727-3814-4AEC-ADF8-2DABBB21C0E3;/ENKONTROL 01.  Administración de infraestructura azure/1.2 Alta cliente prueba - NO USAR;
AFF020A1-25AE-4A05-B5AD-F83E04752DDB;23.1 Reporte de asistencias;B9671CFC-E734-4B84-8A39-045EAE48F2E6;/GCTI 23  Reloj checador/23.1 Reporte de asistencias;
28C2932F-0325-4BDC-9291-24D41EF768A2;PUNTOS4.1 Cotizacion;B850BDB2-22E5-41BB-8A8F-F52C8A9E55EC;/PUNTOS04. Cotizacion/PUNTOS4.1 Cotizacion;
12F90379-A475-4569-803D-73BC70D70D3C;UNIR18.1. Creeze;B716B5E9-7332-441F-B1A2-2678C97E0A4F;/UNIR18. Aplicaciones Académicas/UNIR18.1. Creeze;
E5865FA2-2165-4979-ADBB-2800595C8DF2;PUNTOS31.1 Fallas de Windows Server;B6DC76C7-880B-462F-BEBF-62F65BFC9555;/PUNTOS31. Windows server/PUNTOS31.1 Fallas de Windows Server;
59A53EBE-105E-489F-AFA2-FB4AFC0E2368;Políticas de Seguridad;B4575DDC-8614-49AC-8609-354E2B452C16;/GCTI. CC-Correo Electronico/Políticas de Seguridad;
0999E8F5-C56B-49F2-ADC5-88AEC68385AF;Reglas de Correo (Entrada y Salida) en servidor Exchange;B4575DDC-8614-49AC-8609-354E2B452C16;/GCTI. CC-Correo Electronico/Reglas de Correo (Entrada y Salida) en servidor Exchange;
AC630316-AC41-43B9-A12D-12747E9ED9C3;Grupos de Seguridad;B4575DDC-8614-49AC-8609-354E2B452C16;/GCTI. CC-Correo Electronico/Grupos de Seguridad;
7F9A3D57-4A55-4C81-8FFF-C319D12F623A;Gestión de Usuarios;B4575DDC-8614-49AC-8609-354E2B452C16;/GCTI. CC-Correo Electronico/Gestión de Usuarios;
CC60EB6C-0EBC-4581-81E3-C9B766ACE869;Listas de Distribución;B4575DDC-8614-49AC-8609-354E2B452C16;/GCTI. CC-Correo Electronico/Listas de Distribución;
3E0F2A91-9A97-4DDC-9F13-E998CEA32EA0;Servicios de Correo en la Nube;B4575DDC-8614-49AC-8609-354E2B452C16;/GCTI. CC-Correo Electronico/Servicios de Correo en la Nube;
7752AB8E-00FF-45DE-9EC9-C27B8F8B5C61;Administración de Correo Office 365;B4575DDC-8614-49AC-8609-354E2B452C16;/GCTI. CC-Correo Electronico/Administración de Correo Office 365;
4DBBA29B-B1BD-4B40-9B69-BA2575C45659;INF-CONA-04 Redes LAN e Inalmabricas;B18FADE8-E48D-492E-9E7D-079FDCDE6335;/CONAUTO - CAMBIOS/INF-CONA-04 Redes LAN e Inalmabricas;
EB06E20F-F162-40C3-94E5-F64B889E28D9;INF-CONA-01 Servidores;B18FADE8-E48D-492E-9E7D-079FDCDE6335;/CONAUTO - CAMBIOS/INF-CONA-01 Servidores;
E665DA69-1DAD-4EDE-A571-77E2ED084502;INF-CONA-08 Base de Datos;B18FADE8-E48D-492E-9E7D-079FDCDE6335;/CONAUTO - CAMBIOS/INF-CONA-08 Base de Datos;
782FD0C4-1083-4D77-9368-BF346528EFB2;INF-CONA-09 Gestion de Usuarios;B18FADE8-E48D-492E-9E7D-079FDCDE6335;/CONAUTO - CAMBIOS/INF-CONA-09 Gestion de Usuarios;
C026FD42-449C-4682-A38B-3A9AE746E17B;INF-CONA-11 Despliegues;B18FADE8-E48D-492E-9E7D-079FDCDE6335;/CONAUTO - CAMBIOS/INF-CONA-11 Despliegues;
9462DF5D-EE9F-45B0-B7FA-AD9DD2CF13D0;DES-CONA-01 Desarrollo;B18FADE8-E48D-492E-9E7D-079FDCDE6335;/CONAUTO - CAMBIOS/DES-CONA-01 Desarrollo;
ABAB1439-5B11-4658-AEC4-5EB25ED8310B;INF-CONA-06 Equipo de Cómputo;B18FADE8-E48D-492E-9E7D-079FDCDE6335;/CONAUTO - CAMBIOS/INF-CONA-06 Equipo de Cómputo;
CF7894A7-4E7A-40B5-A29E-CBC4263EF668;INF-CONA-02 Internet (MCM - C3ntro);B18FADE8-E48D-492E-9E7D-079FDCDE6335;/CONAUTO - CAMBIOS/INF-CONA-02 Internet (MCM - C3ntro);
734F86E8-5D7D-4023-97ED-57BE8223571C;INF-CONA-07 Telefonia;B18FADE8-E48D-492E-9E7D-079FDCDE6335;/CONAUTO - CAMBIOS/INF-CONA-07 Telefonia;
3AC0510B-5D7D-4BA7-882A-1650D662D2A8;INF-CONA-05 Correo electronico;B18FADE8-E48D-492E-9E7D-079FDCDE6335;/CONAUTO - CAMBIOS/INF-CONA-05 Correo electronico;
0EA293CC-6B59-4D71-B94D-2CD9F80D0E80;INF-CONA-10 Repositorios de Informacion;B18FADE8-E48D-492E-9E7D-079FDCDE6335;/CONAUTO - CAMBIOS/INF-CONA-10 Repositorios de Informacion;
E52B36F7-BC1E-4B7F-BE7F-71718205C9E8;INF-CONA-03 Firewall;B18FADE8-E48D-492E-9E7D-079FDCDE6335;/CONAUTO - CAMBIOS/INF-CONA-03 Firewall;
0946B972-FEFF-4F5D-B8CF-71B1FDCCCB9F;14.1  Creación de máquina virtual;B17777FE-878A-48B3-B40E-8BAB77ACEF17;/GCTI 14. Servicio en AWS/14.1  Creación de máquina virtual;
4D3024B9-8FDC-4FCD-A3CC-8E1F704F2228;22.2 Preventa;AFFFF30A-7B66-4BA4-B6A2-9BC40A2626CB;/GCTI 22. Ventas/22.2 Preventa;
8A16B55E-71A2-46D5-A44B-94ECA06A1331;22.3 Proyecto;AFFFF30A-7B66-4BA4-B6A2-9BC40A2626CB;/GCTI 22. Ventas/22.3 Proyecto;
1377E534-A8B3-447A-A330-9FA81F1B41FF;22.1 Evento;AFFFF30A-7B66-4BA4-B6A2-9BC40A2626CB;/GCTI 22. Ventas/22.1 Evento;
048F2208-1DEE-4268-BC78-2E5124532046;21.1 Cambios FINANCIERA;AEA62DEC-042C-4284-BE76-8C3081C124BA;/CONAUTO 21. Soporte a FINANCIERA/21.1 Cambios FINANCIERA;
661C5BE8-E3B3-49E9-A2C0-D0593FD1B12D;21.2 Falla FINANCIERA;AEA62DEC-042C-4284-BE76-8C3081C124BA;/CONAUTO 21. Soporte a FINANCIERA/21.2 Falla FINANCIERA;
77641FF6-0724-4E92-B089-73EBCC7F1CC0;4.7 sin acceso a fileserver;AE1B2B38-29FD-4BEB-AED7-D92360EEA9B9;/GCTI 04. Escritorios virtuales/4.7 sin acceso a fileserver;
C4F65F8D-E898-4960-A9AA-7504C36EA95E;4.3 Falla de EV;AE1B2B38-29FD-4BEB-AED7-D92360EEA9B9;/GCTI 04. Escritorios virtuales/4.3 Falla de EV;
996FE402-EAFC-482E-8273-2719DCBE00E0;4.4 Creación de cuenta;AE1B2B38-29FD-4BEB-AED7-D92360EEA9B9;/GCTI 04. Escritorios virtuales/4.4 Creación de cuenta;
21A2FD48-4BFB-4250-9252-2ECD6984516A;4.1 Administración de escritorios Virtuales;AE1B2B38-29FD-4BEB-AED7-D92360EEA9B9;/GCTI 04. Escritorios virtuales/4.1 Administración de escritorios Virtuales;
569AAEA7-ACCE-403E-9CE9-9C374F7F7B0E;4.2 Agregar una impresora;AE1B2B38-29FD-4BEB-AED7-D92360EEA9B9;/GCTI 04. Escritorios virtuales/4.2 Agregar una impresora;
2C0FAA2B-7709-4A01-95FC-A66B1754E31F;4.5 Instalar una aplicación;AE1B2B38-29FD-4BEB-AED7-D92360EEA9B9;/GCTI 04. Escritorios virtuales/4.5 Instalar una aplicación;
56F841CB-FFCE-4DEA-BC75-46AFB7A50F49;4.6 baja de cuenta;AE1B2B38-29FD-4BEB-AED7-D92360EEA9B9;/GCTI 04. Escritorios virtuales/4.6 baja de cuenta;
8F9E9519-7C8D-4A7D-A5DF-1D6320A05C9C;UNIR15.3 Envío de fotografías;ABE59294-B482-4A87-A12F-0E4FD7AA3566;/UNIR15 Servicio de apoyo actividades administrativas/UNIR15.3 Envío de fotografías;
81E1D0DB-ECDF-48B8-9C40-AC764357455E;UNIR15.2 reposición de credencial;ABE59294-B482-4A87-A12F-0E4FD7AA3566;/UNIR15 Servicio de apoyo actividades administrativas/UNIR15.2 reposición de credencial;
B19BB225-D809-4E46-BB2F-99FB59ECB24E;UNIR15.4 Captura de fotografías.;ABE59294-B482-4A87-A12F-0E4FD7AA3566;/UNIR15 Servicio de apoyo actividades administrativas/UNIR15.4 Captura de fotografías.;
7210EEE8-2529-472D-983D-6BB353DC76E1;UNIR15.1 Credencialización;ABE59294-B482-4A87-A12F-0E4FD7AA3566;/UNIR15 Servicio de apoyo actividades administrativas/UNIR15.1 Credencialización;
08332A9B-0550-4787-BADD-8471895DA6BF;21.1 Falla de Respaldos PHD-Unitrends;AA28568C-5A75-4A15-AAD1-EFFF554A1128;/GCTI 21. Soporte PHD-Unitrends/21.1 Falla de Respaldos PHD-Unitrends;
B4471560-ADE6-4AE6-93A4-7F2F44F69996;22.1 Cambios SUBASTAS;A878EC62-CC6F-4F5C-8388-268DD84536A7;/CONAUTO 22. SUBASTAS/22.1 Cambios SUBASTAS;
E9CD3B25-6719-46E6-A0A9-0BBE785EDA25;22.2 Fallas SUBASTAS;A878EC62-CC6F-4F5C-8388-268DD84536A7;/CONAUTO 22. SUBASTAS/22.2 Fallas SUBASTAS;
DB7D4B14-DEFB-4BB1-874B-0EBC2DFD51EB;8.3 Eliminación de BD - 26 Hrs;A7FAF0A7-8E20-402E-BBEC-E9B838B8E668;/CONAUTO 08. Soporte a Base de Datos/8.3 Eliminación de BD - 26 Hrs;
757B6B23-7595-4F00-B877-A167E9115DC9;8.5 Respaldo de base de datos - 26 Hrs;A7FAF0A7-8E20-402E-BBEC-E9B838B8E668;/CONAUTO 08. Soporte a Base de Datos/8.5 Respaldo de base de datos - 26 Hrs;
77483BC0-4307-4C2D-B004-DA7431868243;8.4 Creación de ambiente de Desarrollo - 26 Hrs;A7FAF0A7-8E20-402E-BBEC-E9B838B8E668;/CONAUTO 08. Soporte a Base de Datos/8.4 Creación de ambiente de Desarrollo - 26 Hrs;
878CC350-6BB6-4A07-A740-862588ECEC96;8.8 Limpieza de tabla Amorosos - 1 Hrs;A7FAF0A7-8E20-402E-BBEC-E9B838B8E668;/CONAUTO 08. Soporte a Base de Datos/8.8 Limpieza de tabla Amorosos - 1 Hrs;
73ED8006-7770-47D3-AC82-09C081490CFF;8.7 Crear base de datos congelada - 1 Hrs;A7FAF0A7-8E20-402E-BBEC-E9B838B8E668;/CONAUTO 08. Soporte a Base de Datos/8.7 Crear base de datos congelada - 1 Hrs;
67A929CA-3621-4C3B-8745-978815ACF0E1;8.10 Falla en el acceso a Base de Datos - 4 Hrs;A7FAF0A7-8E20-402E-BBEC-E9B838B8E668;/CONAUTO 08. Soporte a Base de Datos/8.10 Falla en el acceso a Base de Datos - 4 Hrs;
C34131F1-0670-403C-9BD9-AB01C6DFAB1A;8.6 Actualización de carpetas productivas - 2 Hrs;A7FAF0A7-8E20-402E-BBEC-E9B838B8E668;/CONAUTO 08. Soporte a Base de Datos/8.6 Actualización de carpetas productivas - 2 Hrs;
89ECB6DC-8BED-4797-A9C2-02FDD1D6EA69;8.9 Reestablecer Base de Datos CONTPAQ - 13 Hrs;A7FAF0A7-8E20-402E-BBEC-E9B838B8E668;/CONAUTO 08. Soporte a Base de Datos/8.9 Reestablecer Base de Datos CONTPAQ - 13 Hrs;
84B35CD2-2B4D-475E-B60B-0C04632D5C5E;8.2 Modificación de BD - 26 Hrs;A7FAF0A7-8E20-402E-BBEC-E9B838B8E668;/CONAUTO 08. Soporte a Base de Datos/8.2 Modificación de BD - 26 Hrs;
00B62E3B-83A0-4CF1-A877-CCB2E63B8663;8.1 Planchado de base de datos - 8 Hrs;A7FAF0A7-8E20-402E-BBEC-E9B838B8E668;/CONAUTO 08. Soporte a Base de Datos/8.1 Planchado de base de datos - 8 Hrs;
4D2EE719-3B07-4A7F-BC07-D41F22B998DA;11.2 Falla con la DIOT;A462C742-BD59-424F-8F61-3A206CDD540E;/GCTI 11. Soporte a SAP/11.2 Falla con la DIOT;
1EDF2A32-637A-401C-B952-AA4D7A6C8EC2;11.7 Capacitación SAP;A462C742-BD59-424F-8F61-3A206CDD540E;/GCTI 11. Soporte a SAP/11.7 Capacitación SAP;
B4AA202D-F235-4229-81D9-36929C4944E1;11.9 Modificación de desarrollo SAP;A462C742-BD59-424F-8F61-3A206CDD540E;/GCTI 11. Soporte a SAP/11.9 Modificación de desarrollo SAP;
DE0B498E-6AF7-43F8-9CA5-F44488AD35AE;11.4 Permisos en SAP;A462C742-BD59-424F-8F61-3A206CDD540E;/GCTI 11. Soporte a SAP/11.4 permisos en SAP;
BCBD17D5-595E-4859-901D-8F310D97DE41;11.3 Cambio de lenguaje;A462C742-BD59-424F-8F61-3A206CDD540E;/GCTI 11. Soporte a SAP/11.3 cambio de lenguaje;
F15B8381-A92B-418F-94CD-F135A768502A;11.6 Modificación de SAP;A462C742-BD59-424F-8F61-3A206CDD540E;/GCTI 11. Soporte a SAP/11.6 Modificación de SAP;
4E9CBDDB-3E22-4CE2-A120-96C6E2226F71;11.8 Falla en desarrollo de SAP;A462C742-BD59-424F-8F61-3A206CDD540E;/GCTI 11. Soporte a SAP/11.8 Falla en desarrollo de SAP;
6F685F12-125E-43DA-9A9A-564FB9F11AC3;11.5 Administración de cuentas;A462C742-BD59-424F-8F61-3A206CDD540E;/GCTI 11. Soporte a SAP/11.5 Administración de cuentas;
EF028DC7-6DBD-4257-B30E-EFA5828718D0;11.1 Falla de SAP;A462C742-BD59-424F-8F61-3A206CDD540E;/GCTI 11. Soporte a SAP/11.1 Falla de SAP;
DD38E689-3155-451D-AC7B-E8DEECF11A7F;FASE 1 - Analisis;A166624B-077A-4AD7-8DD9-BE5D7637769A;/Proyectos/CONAUTO: Localizadores - 1er fase/FASE 1 - Analisis;
1B6EA335-566A-4127-9056-20A38763749C;CONAUTO: Buró de Crédito;A0D22908-3C28-47F9-9C3A-9F1218B683A2;/Proyectos/CONAUTO: Buró de Crédito;
FB89B365-6254-415F-9AAC-6C453E344BD6;PROALMEX: MIDDLEWARE;A0D22908-3C28-47F9-9C3A-9F1218B683A2;/Proyectos/PROALMEX: MIDDLEWARE;
7B259024-0637-49B7-859D-FDEAFF8CAADC;CONAUTO: Mejoras Netsuite;A0D22908-3C28-47F9-9C3A-9F1218B683A2;/Proyectos/CONAUTO: Mejoras Netsuite;
F8A640F4-C5F4-4986-9D39-5C3F7EEE4FB4;CONAUTO: Onboarding Digital;A0D22908-3C28-47F9-9C3A-9F1218B683A2;/Proyectos/CONAUTO: Onboarding Digital;
1774A597-C47E-416A-AADE-5B784C84C4F0;GESTI: Telered (Consultoria 1);A0D22908-3C28-47F9-9C3A-9F1218B683A2;/Proyectos/GESTI: Telered (Consultoria 1);
8EEA5340-8807-450D-86CC-FD41E33C89E8;CONAUTO: Estabilización de Operaciones Progress_GC Conautopción;A0D22908-3C28-47F9-9C3A-9F1218B683A2;/Proyectos/CONAUTO: Estabilización de Operaciones Progress_GC Conautopción;
C4D8450E-D314-44F1-875F-9C9F102F23AD;CONAUTO: Contrato WEB;A0D22908-3C28-47F9-9C3A-9F1218B683A2;/Proyectos/CONAUTO: Contrato WEB;
A166624B-077A-4AD7-8DD9-BE5D7637769A;CONAUTO: Localizadores - 1er fase;A0D22908-3C28-47F9-9C3A-9F1218B683A2;/Proyectos/CONAUTO: Localizadores - 1er fase;
33CB9765-C964-48A4-8CE4-F3A5D7DE7776;INFRAESTRUCTURA: GEY;A0D22908-3C28-47F9-9C3A-9F1218B683A2;/Proyectos/INFRAESTRUCTURA: GEY;
16FDBD41-C0D9-4632-A99C-77DDA55BE8E3;CONAUTO: Portal ECM;A0D22908-3C28-47F9-9C3A-9F1218B683A2;/Proyectos/CONAUTO: Portal ECM;
D01FE650-2BB3-4EAD-8D11-E2AD94D77C9E;PETROMAYAB: MIDDLEWARE;A0D22908-3C28-47F9-9C3A-9F1218B683A2;/Proyectos/PETROMAYAB: MIDDLEWARE;
9660CE5B-0D8F-4448-B8CF-15DDFC874DAA;CONAUTO: Transición a SOFOM;A0D22908-3C28-47F9-9C3A-9F1218B683A2;/Proyectos/CONAUTO: Transición a SOFOM;
BC504E7D-2CD3-4C4B-9478-250814A0F106;CONAUTO: Estabilización Netsuite;A0D22908-3C28-47F9-9C3A-9F1218B683A2;/Proyectos/CONAUTO: Estabilización Netsuite;
7F3DD927-A70C-4BCA-A496-F729882A1B93;CONAUTO: Plan de Documentación Interfases y Desarrollo;A0D22908-3C28-47F9-9C3A-9F1218B683A2;/Proyectos/CONAUTO: Plan de Documentación Interfases y Desarrollo;
DABBA3FD-27B7-4A61-9BA3-B610B240AF9C;XCARET: Consultoría ITSM;A0D22908-3C28-47F9-9C3A-9F1218B683A2;/Proyectos/XCARET: Consultoría ITSM;
8A2D4BD5-9D1B-4147-A0B7-24B8CA1D3206;CONAUTO: Implementación de la Plataforma para PLD;A0D22908-3C28-47F9-9C3A-9F1218B683A2;/Proyectos/CONAUTO: Implementación de la Plataforma para PLD;
E2E9E12D-4AA4-43ED-BC97-41DFBA182B10;19.3 Reestructura Netsuite;9F2F3543-EC25-4DE7-9D5A-85FB0130642B;/CONAUTO 19. Soporte a NetSuite/19.3 Reestructura Netsuite;
3242EE80-FE70-4F06-BC2E-601EFDA12279;19.2 Fallas en NetSuite;9F2F3543-EC25-4DE7-9D5A-85FB0130642B;/CONAUTO 19. Soporte a NetSuite/19.2 Fallas en NetSuite;
C78D4041-2BB0-4F21-A4BE-4873AFFE8045;19.4 Restructura RIC;9F2F3543-EC25-4DE7-9D5A-85FB0130642B;/CONAUTO 19. Soporte a NetSuite/19.4 Restructura RIC;
5DBBEDBB-5E7E-450C-96F2-CAE78A5DB2DC;19.1 Cambios a NetSuite;9F2F3543-EC25-4DE7-9D5A-85FB0130642B;/CONAUTO 19. Soporte a NetSuite/19.1 Cambios a NetSuite;
BC5E1814-9089-4321-ACB7-05A7D5BD9D59;19.5 Crear Contraseña;9F2F3543-EC25-4DE7-9D5A-85FB0130642B;/CONAUTO 19. Soporte a NetSuite/19.5 Crear Contraseña;
823C96E0-466D-45AB-9822-4297A79C1FFD;12.3 Desbloqueo de usuario de BD - 2 Hrs;9D09D9F2-74A5-4B07-9E5B-4237F6A204F8;/CONAUTO 12. Gestión de usuarios/12.3 Desbloqueo de usuario de BD - 2 Hrs;
8C8D981F-C4FA-4C8D-9065-9E15692E3A45;12.4 Desbloqueo de Usuario Windows - 2 Hrs;9D09D9F2-74A5-4B07-9E5B-4237F6A204F8;/CONAUTO 12. Gestión de usuarios/12.4 Desbloqueo de Usuario Windows - 2 Hrs;
92C7E0D5-C9F5-4E0D-BCB7-294E0E9728E6;12.2 Baja de Usuario CONAUTO - 3 Hrs;9D09D9F2-74A5-4B07-9E5B-4237F6A204F8;/CONAUTO 12. Gestión de usuarios/12.2 Baja de Usuario CONAUTO - 3 Hrs;
27C81C69-C251-4CAA-97C5-E240C320670B;12.5 Modificación - cambio en perfil de usuario - 8 Hrs;9D09D9F2-74A5-4B07-9E5B-4237F6A204F8;/CONAUTO 12. Gestión de usuarios/12.5 Modificación - cambio en perfil de usuario - 8 Hrs;
58DF2A13-1654-48C5-90DA-5146D960ED87;12.6 Alta en Proactiva;9D09D9F2-74A5-4B07-9E5B-4237F6A204F8;/CONAUTO 12. Gestión de usuarios/12.6 Alta en Proactiva;
30B5D5C3-A9CD-4CD0-B2D0-60E9ECDB734D;12.1 Alta de Usuario CONAUTO - 30 Hrs;9D09D9F2-74A5-4B07-9E5B-4237F6A204F8;/CONAUTO 12. Gestión de usuarios/12.1 Alta de Usuario CONAUTO - 30 Hrs;
12FC3ACD-5530-4ADF-B15E-156F8F88D31F;FINBE1.1. Depuración de Mes;9B142213-D766-4385-B3BC-A937F162F3DE;/FINBE01. Servicios de digitalizacion./FINBE1.1. Depuración de Mes;
18BB443F-7671-4A47-9B77-AC7EF6CBF57F;1.4 Restablecimiento de respaldo x fallo -16 Hrs;9A6C08D2-2F45-4164-B735-A0098B993A92;/Begrand 01. Fallos en infraestructura Azure/1.4 Restablecimiento de respaldo x fallo -16 Hrs;
2D1283E1-05BE-464D-8C52-91981773B518;1.1 Plataforma no disponible - 8Hrs;9A6C08D2-2F45-4164-B735-A0098B993A92;/Begrand 01. Fallos en infraestructura Azure/1.1 Plataforma no disponible - 8Hrs;
A07C9A26-6246-4D4B-903C-8C3A7C3F95E1;1.2 Afectación parcial de plataforma -12Hrs;9A6C08D2-2F45-4164-B735-A0098B993A92;/Begrand 01. Fallos en infraestructura Azure/1.2 Afectación parcial de plataforma -12Hrs;
3D793DAE-0AA3-49AB-9787-EE3AEAD58A30;1.3 Lentitud en plataforma -24Hrs;9A6C08D2-2F45-4164-B735-A0098B993A92;/Begrand 01. Fallos en infraestructura Azure/1.3 Lentitud en plataforma -24Hrs;
A8D05E84-0D62-415E-8E2C-8586B102A0ED;23.1 Cambios PROLEASENET a SOFOM;9660CE5B-0D8F-4448-B8CF-15DDFC874DAA;/Proyectos/CONAUTO: Transición a SOFOM/23.1 Cambios PROLEASENET a SOFOM;
984691B5-1DDB-4BD3-9A23-2D44A52460F2;23.3 Transición a SOFOM;9660CE5B-0D8F-4448-B8CF-15DDFC874DAA;/Proyectos/CONAUTO: Transición a SOFOM/23.3 Transición a SOFOM;
FF1ADDAB-523C-49E2-9162-CCD16C15D799;23.2 Fallas PROLEASENET a SOFOM;9660CE5B-0D8F-4448-B8CF-15DDFC874DAA;/Proyectos/CONAUTO: Transición a SOFOM/23.2 Fallas PROLEASENET a SOFOM;
B066A04E-741D-4735-B6B5-3A34B0E5992C;1.3 Promociones nuevas que no son soportadas por el sistema;9462DF5D-EE9F-45B0-B7FA-AD9DD2CF13D0;/CONAUTO - CAMBIOS/DES-CONA-01 Desarrollo/1.3 Promociones nuevas que no son soportadas por el sistema;
5398755C-C2EC-4E24-8432-E50E33C4EB5B;1.4 Aplicación contable que no es soportada por el sistema;9462DF5D-EE9F-45B0-B7FA-AD9DD2CF13D0;/CONAUTO - CAMBIOS/DES-CONA-01 Desarrollo/1.4 Aplicación contable que no es soportada por el sistema;
844EA583-8AB0-49A4-BB5A-13F7B5B681C6;1.5 Interface de aplicativos con nuevos desarrollos;9462DF5D-EE9F-45B0-B7FA-AD9DD2CF13D0;/CONAUTO - CAMBIOS/DES-CONA-01 Desarrollo/1.5 Interface de aplicativos con nuevos desarrollos;
9FF064F3-9AAD-47DD-864E-971E70A14EC5;11.7 Optimización de Procesos;9462DF5D-EE9F-45B0-B7FA-AD9DD2CF13D0;/CONAUTO - CAMBIOS/DES-CONA-01 Desarrollo/11.7 Optimización de Procesos;
CE58120A-8E56-4283-AC3D-E6AAB1A283B1;1.1 Modificación a Reportes (Nuevo, Agregar o Quitar columnas);9462DF5D-EE9F-45B0-B7FA-AD9DD2CF13D0;/CONAUTO - CAMBIOS/DES-CONA-01 Desarrollo/1.1 Modificación a Reportes (Nuevo, Agregar o Quitar columnas);
CD9B8005-8794-4E8A-B50D-838D42A011D8;1.2 Modificacion a Pantalla (Nuevo, Agregar o Quitar campos);9462DF5D-EE9F-45B0-B7FA-AD9DD2CF13D0;/CONAUTO - CAMBIOS/DES-CONA-01 Desarrollo/1.2 Modificacion a Pantalla (Nuevo, Agregar o Quitar campos);
D2718F63-36C0-4C05-8A67-14211406DEC0;1.6 Cambio de Funcionalidad;9462DF5D-EE9F-45B0-B7FA-AD9DD2CF13D0;/CONAUTO - CAMBIOS/DES-CONA-01 Desarrollo/1.6 Cambio de Funcionalidad;
FCE79FFC-979E-47ED-9E1E-2EE8016AF3FB;7.1 Monitoreo de alertas;911F8CC8-0549-4DB3-8DF8-B30EECA48997;/GCTI 07. Monitoreo/7.1 Monitoreo de alertas;
D7AB19FF-786D-41D2-9318-4E6D233E33DA;UNIR13.1 Pago de Dominios;9093B798-1730-481F-BADB-55E8405A07C0;/UNIR13. Administración de Dominios/UNIR13.1 Pago de Dominios;
5B4A460D-8562-4675-AB98-58EBF6A9DE8D;PUNTOS16.1 Fallo de aplicaciones en dispositivo;8C9C9523-3CE5-48E3-AEB5-A2D850A2922F;/PUNTOS16. Soporte citrix MDM/PUNTOS16.1 Fallo de aplicaciones en dispositivo;
27597E08-CD0D-429E-9449-CA349A565BB7;PUNTOS16.2 Consulta Citrix;8C9C9523-3CE5-48E3-AEB5-A2D850A2922F;/PUNTOS16. Soporte citrix MDM/PUNTOS16.2 Consulta Citrix;
EDE0E864-09EF-429D-B5A9-4A76B52C7BAE;PUNTOS23.1 Falla de Facturación Electrónica SAP;8A5BE0D6-3D79-43E6-AE50-2DC2D7FA4E04;/PUNTOS23. Soporte SAP/PUNTOS23.1 Falla de Facturación Electrónica SAP;
86FB7B46-6CA9-49CE-8C03-EE152E8E923F;PUNTOS23.10 Portal de facturación ;8A5BE0D6-3D79-43E6-AE50-2DC2D7FA4E04;/PUNTOS23. Soporte SAP/PUNTOS23.10 Portal de facturación ;
C97317C3-395C-495D-A8B5-EA633AD3BB86;PUNTOS23.6 Modificacion de reportes;8A5BE0D6-3D79-43E6-AE50-2DC2D7FA4E04;/PUNTOS23. Soporte SAP/PUNTOS23.6 Modificacion de reportes;
E7F1EE8C-74CC-40F5-A34A-E9CD4476808C;PUNTOS23.5 Creacion de consulta;8A5BE0D6-3D79-43E6-AE50-2DC2D7FA4E04;/PUNTOS23. Soporte SAP/PUNTOS23.5 Creacion de consulta;
A4415598-CDCA-4B62-840F-B3AB2AA1325E;PUNTOS23.11 Validación de espacio SAP;8A5BE0D6-3D79-43E6-AE50-2DC2D7FA4E04;/PUNTOS23. Soporte SAP/PUNTOS23.11 Validación de espacio SAP;
1874C469-2188-4B6E-82DB-A8CDFE3764A9;PUNTOS23.9 Revisión de embarques ;8A5BE0D6-3D79-43E6-AE50-2DC2D7FA4E04;/PUNTOS23. Soporte SAP/PUNTOS23.9 Revisión de embarques ;
5A6CA1FF-A866-40CE-A189-5BED35A154BE;PUNTOS23.12 Cambio de usuario;8A5BE0D6-3D79-43E6-AE50-2DC2D7FA4E04;/PUNTOS23. Soporte SAP/PUNTOS23.12 Cambio de usuario;
536E3EF2-AF1D-4F74-8C74-465C8A61DA2D;PUNTOS23.4 Revision de cuentas contables;8A5BE0D6-3D79-43E6-AE50-2DC2D7FA4E04;/PUNTOS23. Soporte SAP/PUNTOS23.4 Revision de cuentas contables;
E7CC5F3A-FD9F-4639-96DC-B6BE5F0C1C96;PUNTOS23.2 Fallas de Aplicación SAP;8A5BE0D6-3D79-43E6-AE50-2DC2D7FA4E04;/PUNTOS23. Soporte SAP/PUNTOS23.2 Fallas de Aplicación SAP;
EB9D2A66-A9FA-4BB7-AB34-C8DAE956D7FE;PUNTOS23.8 Creacion de reportes;8A5BE0D6-3D79-43E6-AE50-2DC2D7FA4E04;/PUNTOS23. Soporte SAP/PUNTOS23.8 Creacion de reportes;
C25CC79F-F538-470C-83DD-4B4B24241767;PUNTOS23.7 Creacion de BD;8A5BE0D6-3D79-43E6-AE50-2DC2D7FA4E04;/PUNTOS23. Soporte SAP/PUNTOS23.7 Creacion de BD;
4BB873AC-C98E-4BD8-A341-F2F6A34BA7F6;PUNTOS23.3 Actualizacion SAP;8A5BE0D6-3D79-43E6-AE50-2DC2D7FA4E04;/PUNTOS23. Soporte SAP/PUNTOS23.3 Actualizacion SAP;
E6DC03A6-6D0B-4EC2-93F3-9E2392537022;16.1 Falla de un portal;8316C6EB-2DF2-4308-91AF-DD92DE3585CE;/GCTI 16. Sharepoint/16.1 Falla de un portal;
B2B3E292-E666-41FE-8C5D-9670BC39391A;16.2 Falla general de portal Sharepoint;8316C6EB-2DF2-4308-91AF-DD92DE3585CE;/GCTI 16. Sharepoint/16.2 Falla general de portal Sharepoint;
32DD176F-C241-4A6A-8E8B-71FE43655667;16.3 Administración de acceso a Sharepo;8316C6EB-2DF2-4308-91AF-DD92DE3585CE;/GCTI 16. Sharepoint/16.3 Administración de acceso a Sharepo;
95F57706-2D8A-4919-970D-71FEA337481C;UNIR18.1.2.1 Reseteo de contraseña;8309C2ED-1648-48A9-AD09-B73081B8FD3C;/UNIR18. Aplicaciones Académicas/UNIR18.1. Creeze/UNIR18.1.2 Administración de credenciales/UNIR18.1.2.1 Reseteo de contraseña;
22F9180A-9AC2-4B0D-BF97-305705C85976;UNIR18.1.2.2 Alta de usuarios;8309C2ED-1648-48A9-AD09-B73081B8FD3C;/UNIR18. Aplicaciones Académicas/UNIR18.1. Creeze/UNIR18.1.2 Administración de credenciales/UNIR18.1.2.2 Alta de usuarios;
4D67D3E4-C1F0-4EBA-BE7C-DD81F5ED843B;UNIR18.1.2.3 Reactivación de cuentas;8309C2ED-1648-48A9-AD09-B73081B8FD3C;/UNIR18. Aplicaciones Académicas/UNIR18.1. Creeze/UNIR18.1.2 Administración de credenciales/UNIR18.1.2.3 Reactivación de cuentas;
69CDD215-FDB0-4220-8CA3-0A4EA12D0CB4;PUNTOS11.2 Generar Certificados;82B96395-E21E-4A16-97F3-93A5B62AF7BD;/PUNTOS11. Servicio IIS/PUNTOS11.2 Generar Certificados;
6AC9D334-3528-44B2-A021-F67B294A8A33;PUNTOS11.1 Falla de Directorio IIS;82B96395-E21E-4A16-97F3-93A5B62AF7BD;/PUNTOS11. Servicio IIS/PUNTOS11.1 Falla de Directorio IIS;
8C990713-EC56-40F5-B7E0-6362977711AF;PUNTOS27.2 Fallas de XenDesktop;810C9134-FFF0-4E89-8346-990AB6B1FD5D;/PUNTOS27. Soporte XenDesktop/PUNTOS27.2 Fallas de XenDesktop;
2A3A767B-B0F5-42C2-AF46-8B56E7CB2881;PUNTOS27.1 Fallas de Impresión;810C9134-FFF0-4E89-8346-990AB6B1FD5D;/PUNTOS27. Soporte XenDesktop/PUNTOS27.1 Fallas de Impresión;
1A23F94F-A767-46AA-BB9D-283279E652CC;3.2 Capacitación presencial;7E37E086-2A77-4665-B865-7023D9D1ADDF;/Ferreterias Mandiola 03. Capacitación/3.2 Capacitación presencial;
DCA5DC11-87D1-4A1C-9398-702082A37A99;3.1 Capación remota;7E37E086-2A77-4665-B865-7023D9D1ADDF;/Ferreterias Mandiola 03. Capacitación/3.1 Capación remota;
D64CF95D-49B0-4A38-903A-42DCCE6DD947;7.5 Falla en timbrado de factura - 16 Hrs;755BEEE4-35D7-43F7-A543-4ADE7DDD9EB6;/CONAUTO 07. Soporte a CONTPAQ/7.5 Falla en timbrado de factura - 16 Hrs;
693BC201-55B1-46A0-9A31-B65A95874EAC;7.4 Falla en aplicación CONTPAQ - 14 Hrs;755BEEE4-35D7-43F7-A543-4ADE7DDD9EB6;/CONAUTO 07. Soporte a CONTPAQ/7.4 Falla en aplicación CONTPAQ - 14 Hrs;
30399723-41FC-4A0D-B1E3-AF1DF2F6682D;7.1 Alta de usuario CONTPAQ - 16 Hrs;755BEEE4-35D7-43F7-A543-4ADE7DDD9EB6;/CONAUTO 07. Soporte a CONTPAQ/7.1 Alta de usuario CONTPAQ - 16 Hrs;
D9409C4E-7E9D-422E-A5AC-D136C8C567B3;7.3 Respaldo de información  CONTPAQ - 26 Hrs;755BEEE4-35D7-43F7-A543-4ADE7DDD9EB6;/CONAUTO 07. Soporte a CONTPAQ/7.3 Respaldo de información  CONTPAQ - 26 Hrs;
774CFE7A-36E5-4AA4-BA0A-6CE747DCE5F8;7.2 Instalación o Configuración de aplicación   CONTPAQ - 26 Hrs;755BEEE4-35D7-43F7-A543-4ADE7DDD9EB6;/CONAUTO 07. Soporte a CONTPAQ/7.2 Instalación o Configuración de aplicación   CONTPAQ - 26 Hrs;
A841A4EA-1BAA-494D-9054-6A5A155668DF;6.1 Falla de portal de Analitics;734455B7-FF59-4E5B-990F-EB21BA5C06C5;/GCTI 06. Microstrategy/6.1 Falla de portal de Analitics;
9E5E3BEA-54EE-45D7-B290-A30893707A5B;6.3 Tablero no Cuadra o no se actualiza;734455B7-FF59-4E5B-990F-EB21BA5C06C5;/GCTI 06. Microstrategy/6.3 Tablero no Cuadra o no se actualiza;
7B7D3C7D-D933-478B-B433-F4355E360D7C;6.2 Falla de Tablero;734455B7-FF59-4E5B-990F-EB21BA5C06C5;/GCTI 06. Microstrategy/6.2 Falla de Tablero;
DFF1EFF0-5A0F-4A39-A9A9-95C80E85DDEA;PUNTOS24.1 Fallas SQL Server;710AFFB3-3375-417F-A81E-94E0A4FABF9C;/PUNTOS24. Soporte SQL/PUNTOS24.1 Fallas SQL Server;
BF8AA059-1CBD-4FE8-998E-450280414E01;15.4 Baja de cuenta;6FE31122-0F57-4872-9367-81AEBC4BC961;/GCTI 15. Sharefile/15.4 Baja de cuenta;
0C405B10-9A19-4DEA-A463-CC77EA126095;15.2 Sin servicio de fileserver;6FE31122-0F57-4872-9367-81AEBC4BC961;/GCTI 15. Sharefile/15.2 Sin servicio de fileserver;
C9F14578-4850-494C-8939-3927A3CB78FB;15.5 Eliminación de cuenta;6FE31122-0F57-4872-9367-81AEBC4BC961;/GCTI 15. Sharefile/15.5 Eliminación de cuenta;
465245F2-80C9-4260-8B25-2D3CFABE82E5;15.6 Configuración fileserver;6FE31122-0F57-4872-9367-81AEBC4BC961;/GCTI 15. Sharefile/15.6 Configuración fileserver;
35952CC0-433B-4EFC-80B4-FED9D3D99890;15.3 Creación de cuenta de sharefile;6FE31122-0F57-4872-9367-81AEBC4BC961;/GCTI 15. Sharefile/15.3 Creación de cuenta de sharefile;
A45FCB76-C6A5-45CB-9DC0-C46A0342B82D;15.1 Cuenta sin acceso;6FE31122-0F57-4872-9367-81AEBC4BC961;/GCTI 15. Sharefile/15.1 Cuenta sin acceso;
1065DEA2-42FA-499E-A28D-CAA27FFD99A6;CONAUTO 26.3 Actualización de Datos;6DE32DB7-56C4-4576-AD55-992765E9FA5D;/CONAUTO 26. Web SIR/CONAUTO 26.3 Actualización de Datos;
80418032-1BB4-48D8-B652-53E698064B3C;CONAUTO 26.4 Envío de archivos para firma;6DE32DB7-56C4-4576-AD55-992765E9FA5D;/CONAUTO 26. Web SIR/CONAUTO 26.4 Envío de archivos para firma;
512044AE-E1CA-4AAA-B84D-7A34F60FE52E;CONAUTO 26.2 Captura de Contrato;6DE32DB7-56C4-4576-AD55-992765E9FA5D;/CONAUTO 26. Web SIR/CONAUTO 26.2 Captura de Contrato;
46EA9783-272C-4268-86DB-005B9333493D;CONAUTO 26.1 Alta de usuarios;6DE32DB7-56C4-4576-AD55-992765E9FA5D;/CONAUTO 26. Web SIR/CONAUTO 26.1 Alta de usuarios;
86740584-AC56-4165-AB25-ABD28E463850;3.7 Falla de líneas telefónicas. ( C3ntro) - 26 Hrs;696E2F19-2317-4E68-9518-0C3E1E965B8B;/CONAUTO 03. Servicio de telefonía/3.7 Falla de líneas telefónicas. ( C3ntro) - 26 Hrs;
44B89D42-EE55-4778-8C19-38E024A3CF1B;3.2 Cancelación Accesos a Softphone Webex - 6 Hrs;696E2F19-2317-4E68-9518-0C3E1E965B8B;/CONAUTO 03. Servicio de telefonía/3.2 Cancelación Accesos a Softphone Webex - 6 Hrs;
173C03DC-D43D-475B-B386-532252C0ACD6;3.6 Falla de equipo telefónico - 13 Hrs;696E2F19-2317-4E68-9518-0C3E1E965B8B;/CONAUTO 03. Servicio de telefonía/3.6 Falla de equipo telefónico - 13 Hrs;
A0DD05C0-BE8D-495E-A501-3AC2BDBD2E5B;3.5 Reactivar contraseña Nimbus o Webex - 2 Hrs;696E2F19-2317-4E68-9518-0C3E1E965B8B;/CONAUTO 03. Servicio de telefonía/3.5 Reactivar contraseña Nimbus o Webex - 2 Hrs;
EFAB2C1B-7183-4452-85CB-0CBECB0D65B6;3.10 Gestión de condiciones de tiempo (IVR) - 30 Hrs;696E2F19-2317-4E68-9518-0C3E1E965B8B;/CONAUTO 03. Servicio de telefonía/3.10 Gestión de condiciones de tiempo (IVR) - 30 Hrs;
8B45DF2C-695A-4A1F-A2FB-6264F6AC7143;3.4 Solicitud de diadema - 39 Hrs;696E2F19-2317-4E68-9518-0C3E1E965B8B;/CONAUTO 03. Servicio de telefonía/3.4 Solicitud de diadema - 39 Hrs;
D3BD3959-F1F6-45D2-B89D-BB8533C716C1;3.1 Alta de Extensión - 6 Hrs;696E2F19-2317-4E68-9518-0C3E1E965B8B;/CONAUTO 03. Servicio de telefonía/3.1 Alta de Extensión - 6 Hrs;
EE1C774F-2259-4C94-9952-7976D4171211;3.3 Instalación o Reubicación extensión telefónica  - 6 Hrs;696E2F19-2317-4E68-9518-0C3E1E965B8B;/CONAUTO 03. Servicio de telefonía/3.3 Instalación o Reubicación extensión telefónica  - 6 Hrs;
B1EC742F-6275-4B63-A59F-A0BAC81E7040;3.8 Falla en diadema - 39 Hrs;696E2F19-2317-4E68-9518-0C3E1E965B8B;/CONAUTO 03. Servicio de telefonía/3.8 Falla en diadema - 39 Hrs;
2887D4CD-C866-455E-AA56-8D733874E000;9.3 Cambio de estatus e importe - 8Hrs;67789DAF-CEA1-4982-94C5-46B0633DE995;/CONAUTO 09. Soporte a SIPRODI/9.3 Cambio de estatus e importe - 8Hrs;
B826F1EB-5366-40B7-8427-E435AE57A4BA;9.2 Sustitución de archivos (REP, Factura) - 8 Hrs;67789DAF-CEA1-4982-94C5-46B0633DE995;/CONAUTO 09. Soporte a SIPRODI/9.2 Sustitución de archivos (REP, Factura) - 8 Hrs;
F00B0479-4F9D-47D5-BD85-739A52ED4210;9.1 Corrección a RFC - 8 Hrs;67789DAF-CEA1-4982-94C5-46B0633DE995;/CONAUTO 09. Soporte a SIPRODI/9.1 Corrección a RFC - 8 Hrs;
B911654C-F11E-49BE-9373-18B62F3EBF8E;9.5 Error en uso del CFDI - 8 Hrs;67789DAF-CEA1-4982-94C5-46B0633DE995;/CONAUTO 09. Soporte a SIPRODI/9.5 Error en uso del CFDI - 8 Hrs;
66E7AD99-862F-4200-BC8C-C6F5EE76338D;9.4 No se pueden cargar archivos (REP, Factura) - 8 Hrs;67789DAF-CEA1-4982-94C5-46B0633DE995;/CONAUTO 09. Soporte a SIPRODI/9.4 No se pueden cargar archivos (REP, Factura) - 8 Hrs;
182C2E17-F82D-4D2B-A64E-26AF385AC723;PUNTOS14.1 Falla de un portal;6738BCF2-B949-43E4-9DDB-BC50205433AA;/PUNTOS14. Sharepoint/PUNTOS14.1 Falla de un portal;
4D6D1C94-2228-4336-A3F4-9F9AF7178A5C;PUNTOS14.2 Falla general de portal de sharepoint;6738BCF2-B949-43E4-9DDB-BC50205433AA;/PUNTOS14. Sharepoint/PUNTOS14.2 Falla general de portal de sharepoint;
8BC5C620-EE76-48F1-983A-D9A31ED4CF82;Incremento Ancho de Banda;66678429-BD86-4819-9995-E2368BDFFA19;/GCTI. CC-Internet/Incremento Ancho de Banda;
5219B572-3F62-417D-AEBC-9FEF4B482E2C;Administración de Dominios Públicos;66678429-BD86-4819-9995-E2368BDFFA19;/GCTI. CC-Internet/Administración de Dominios Públicos;
5D5C30D0-AA3A-4062-AB7B-5A256BD0323B;Rutas estáticas (IP Fija);66678429-BD86-4819-9995-E2368BDFFA19;/GCTI. CC-Internet/Rutas estáticas (IP Fija);
A60E87F6-2FDC-4E76-8D02-55FE8AFD3C93;Registros DNS;66678429-BD86-4819-9995-E2368BDFFA19;/GCTI. CC-Internet/Registros DNS;
1D7EA78E-16DB-4E9B-A2B2-B7C682F4DEAB;Direccionamiento IP Publico;66678429-BD86-4819-9995-E2368BDFFA19;/GCTI. CC-Internet/Direccionamiento IP Publico;
E493DCBC-3CF5-4ABA-BE31-6CD640E95BD5;Puertas de Enlace;66678429-BD86-4819-9995-E2368BDFFA19;/GCTI. CC-Internet/Puertas de Enlace;
BC1C8DBE-DB18-42B1-BBE4-8AECC21E35A8;Mantenimiento Correctivo;66678429-BD86-4819-9995-E2368BDFFA19;/GCTI. CC-Internet/Mantenimiento Correctivo;
40273DCA-8586-4A1E-B2E7-929D576FF574;Mantenimiento Preventivo;66678429-BD86-4819-9995-E2368BDFFA19;/GCTI. CC-Internet/Mantenimiento Preventivo;
2DB013B0-96CB-4CAE-9C54-EBB13F88E3D3;UNIR1.16 Configuración de impresoras;5E9F7CD8-1C6B-4708-A801-65D6C7E3D87B;/UNIR01. Soporte a Equipo de Cómputo Personal/UNIR1.16 Configuración de impresoras;
8B788CC4-C53F-4E34-B3E7-31182C634988;UNIR1.13 Cotización y Compra de Equipo Tecnológico;5E9F7CD8-1C6B-4708-A801-65D6C7E3D87B;/UNIR01. Soporte a Equipo de Cómputo Personal/UNIR1.13 Cotización y Compra de Equipo Tecnológico;
103AEDA5-ED78-4B9E-A6F9-7EFFFD1727BF;UNIR1.5 Servicios de Escaneo;5E9F7CD8-1C6B-4708-A801-65D6C7E3D87B;/UNIR01. Soporte a Equipo de Cómputo Personal/UNIR1.5 Servicios de Escaneo;
0AE777C6-361D-47A3-9F2D-368EAE190416;UNIR1.17 Instalación y actualización de SW;5E9F7CD8-1C6B-4708-A801-65D6C7E3D87B;/UNIR01. Soporte a Equipo de Cómputo Personal/UNIR1.17 Instalación y actualización de SW;
A8E61B14-31B1-40A3-9390-6B457E5ED8CA;UNIR1.11 Cambio de Toner;5E9F7CD8-1C6B-4708-A801-65D6C7E3D87B;/UNIR01. Soporte a Equipo de Cómputo Personal/UNIR1.11 Cambio de Toner;
1CB4C9B1-715F-432E-BF13-CB5AD04C1B4E;UNIR1.1 Asesoría para el uso de aplicaciones de escritorio;5E9F7CD8-1C6B-4708-A801-65D6C7E3D87B;/UNIR01. Soporte a Equipo de Cómputo Personal/UNIR1.1 Asesoría para el uso de aplicaciones de escritorio;
289DA588-E6CD-437B-B01A-EFD29679770A;UNIR1.7 Mantenimiento correctivo de HW;5E9F7CD8-1C6B-4708-A801-65D6C7E3D87B;/UNIR01. Soporte a Equipo de Cómputo Personal/UNIR1.7 Mantenimiento correctivo de HW;
BDA4BD59-881E-4356-8F3D-01CB319061D7;UNIR1.8 Mantenimiento preventivo de HW;5E9F7CD8-1C6B-4708-A801-65D6C7E3D87B;/UNIR01. Soporte a Equipo de Cómputo Personal/UNIR1.8 Mantenimiento preventivo de HW;
64C8C5B0-8D73-4926-8612-BF843631BB4F;UNIR1.3 Eliminación de virus;5E9F7CD8-1C6B-4708-A801-65D6C7E3D87B;/UNIR01. Soporte a Equipo de Cómputo Personal/UNIR1.3 Eliminación de virus;
238D5252-E6C0-473C-AD18-50188DE8D263;UNIR1.15 Reubicación de equipos.;5E9F7CD8-1C6B-4708-A801-65D6C7E3D87B;/UNIR01. Soporte a Equipo de Cómputo Personal/UNIR1.15 Reubicación de equipos.;
5A5D8622-5521-444F-9BA4-458FE9158370;UNIR1.9 Configuración de Cuentas;5E9F7CD8-1C6B-4708-A801-65D6C7E3D87B;/UNIR01. Soporte a Equipo de Cómputo Personal/UNIR1.9 Configuración de Cuentas;
D8FB0FAF-D7D8-482D-BF64-B8D4470F28E5;UNIR1.2 Administración de Garantía de HW;5E9F7CD8-1C6B-4708-A801-65D6C7E3D87B;/UNIR01. Soporte a Equipo de Cómputo Personal/UNIR1.2 Administración de Garantía de HW;
60A438A0-4694-4E2C-9DDA-78841240A14A;UNIR1.12 Falla de hardware de impresora;5E9F7CD8-1C6B-4708-A801-65D6C7E3D87B;/UNIR01. Soporte a Equipo de Cómputo Personal/UNIR1.12 Falla de hardware de impresora;
E9BAC2CF-B3AE-4110-9DF8-97CFFDC2C56D;UNIR1.10 Respaldo o Recuperación de Datos;5E9F7CD8-1C6B-4708-A801-65D6C7E3D87B;/UNIR01. Soporte a Equipo de Cómputo Personal/UNIR1.10 Respaldo o Recuperación de Datos;
0CA6B426-0D54-4155-8C9C-FE0D131BBA1A;UNIR1.14 Solución a fallas del equipo.;5E9F7CD8-1C6B-4708-A801-65D6C7E3D87B;/UNIR01. Soporte a Equipo de Cómputo Personal/UNIR1.14 Solución a fallas del equipo.;
4DC23EB6-6D31-47F0-8FDF-3E741522676E;UNIR1.4 Incidentes de Impresión;5E9F7CD8-1C6B-4708-A801-65D6C7E3D87B;/UNIR01. Soporte a Equipo de Cómputo Personal/UNIR1.4 Incidentes de Impresión;
08340D5D-A02C-4019-B38F-AAE79EB16D11;UNIR1.6 Mantenimiento correctivo de SW;5E9F7CD8-1C6B-4708-A801-65D6C7E3D87B;/UNIR01. Soporte a Equipo de Cómputo Personal/UNIR1.6 Mantenimiento correctivo de SW;
9A1F68A5-D98D-4E14-BF0B-C351CBDE7624;UNIR 12.1 Backup Servidor ISA Admin;5DB20B12-0426-422E-B6AC-FA42C8FF7813;/UNIR12 Servicio de Respaldo de Información/UNIR 12.1 Backup Servidor ISA Admin;
C551FAF1-97F0-4C06-8505-3A911A66CA84;UNIR 12.7 Backup Reloj Checador;5DB20B12-0426-422E-B6AC-FA42C8FF7813;/UNIR12 Servicio de Respaldo de Información/UNIR 12.7 Backup Reloj Checador;
7B5FAD9A-30CD-4F63-A5AA-C97CE00C3902;UNIR 12.3 Backup Datos FileServer;5DB20B12-0426-422E-B6AC-FA42C8FF7813;/UNIR12 Servicio de Respaldo de Información/UNIR 12.3 Backup Datos FileServer;
9F7F7692-50A9-43F3-BF5C-FB859B661D1F;UNIR 12.5 Backup NAS 1;5DB20B12-0426-422E-B6AC-FA42C8FF7813;/UNIR12 Servicio de Respaldo de Información/UNIR 12.5 Backup NAS 1;
4A97A359-BD79-4AE9-9F33-D0676C9CDAF1;UNIR 12.6 Backup CRM;5DB20B12-0426-422E-B6AC-FA42C8FF7813;/UNIR12 Servicio de Respaldo de Información/UNIR 12.6 Backup CRM;
90FF7049-0101-4FAF-B41B-D76B905CF918;UNIR 12.4 Backup Directorio Activo;5DB20B12-0426-422E-B6AC-FA42C8FF7813;/UNIR12 Servicio de Respaldo de Información/UNIR 12.4 Backup Directorio Activo;
4D465B35-3A75-4C2C-BF3E-BEDD8B1115C0;UNIR 12.2 Backup Servidor ISA Alumnos;5DB20B12-0426-422E-B6AC-FA42C8FF7813;/UNIR12 Servicio de Respaldo de Información/UNIR 12.2 Backup Servidor ISA Alumnos;
3B6F7AB6-173F-49DA-9D76-DC2C98ACECD6;20.2 Falla CFDI;5A19DD49-B0B1-4690-8083-1E7AF60DE9CA;/CONAUTO 20. Soporte CDFI/20.2 Falla CFDI;
318087E1-1FA8-4E66-B70C-59B672DB6EE7;20.1 Cambios CFDI;5A19DD49-B0B1-4690-8083-1E7AF60DE9CA;/CONAUTO 20. Soporte CDFI/20.1 Cambios CFDI;
2A9F58E2-9E34-4A93-AA03-E6D04F01D11C;Facturación Proyecto PALACE RESORTS;580AA996-572B-4034-96BE-69FDCF768BC9;/Autorización Facturación/Facturación Proyecto PALACE RESORTS;
18577721-C390-4CA6-927B-CF1D62C40B19;Facturación Proyecto AFORE XXI BANORTE;580AA996-572B-4034-96BE-69FDCF768BC9;/Autorización Facturación/Facturación Proyecto AFORE XXI BANORTE;
EEF4F544-2B41-4849-9123-66D4A7B35BD9;Facturación Proyecto Prueba;580AA996-572B-4034-96BE-69FDCF768BC9;/Autorización Facturación/Facturación Proyecto Prueba;
E37F4F49-90D7-435F-94DF-A27BEBFC8993;PUNTOS2.1. Falla de respaldos de CommVault;55213AD0-203E-44B6-84CD-2EF9825D0FA2;/PUNTOS02. CommVault/PUNTOS2.1. Falla de respaldos de CommVault;
180708CE-B509-42AC-B583-99B02C4ED6FF;1.1 Generación de reportes;54460347-9A75-4B64-97F3-AC7DCFC5EB4A;/AEME 01. Apoyo administrativo/1.1 Generación de reportes;
2DA3F92B-E780-4F51-8F6E-3CFF267A0766;UNIR16.6 Fallo por bloqueo a pagina web;53ACFF92-3DEB-4142-A46A-923C0F15D57B;/UNIR16. Servicio de Internet/UNIR16.6 Fallo por bloqueo a pagina web;
47C25B7F-8314-4C2D-B368-3D67D04885A8;UNIR16.1 Fallo de conexión a internet;53ACFF92-3DEB-4142-A46A-923C0F15D57B;/UNIR16. Servicio de Internet/UNIR16.1 Fallo de conexión a internet;
DAB8ECD2-BF33-4DFA-9F93-D9150B9A1C7E;UNIR16.5 Desconexión al servicio de internet;53ACFF92-3DEB-4142-A46A-923C0F15D57B;/UNIR16. Servicio de Internet/UNIR16.5 Desconexión al servicio de internet;
6E72C2B3-66ED-43A8-9560-988C3F55C6D0;UNIR16.4 Lentitud en  servicio de internet;53ACFF92-3DEB-4142-A46A-923C0F15D57B;/UNIR16. Servicio de Internet/UNIR16.4 Lentitud en  servicio de internet;
666609D6-3B35-4A0E-83D8-252A49BE5E75;UNIR16.7 Monitoreo de trafico de red;53ACFF92-3DEB-4142-A46A-923C0F15D57B;/UNIR16. Servicio de Internet/UNIR16.7 Monitoreo de trafico de red;
F05F996F-1B87-41EE-BC29-AF2F813AB8B1;UNIR16.2 Problemas de logeo a internet;53ACFF92-3DEB-4142-A46A-923C0F15D57B;/UNIR16. Servicio de Internet/UNIR16.2 Problemas de logeo a internet;
2662CEAF-C4BD-46D5-9244-7C0AA461145D;UNIR16.9 Administración de ancho de banda.;53ACFF92-3DEB-4142-A46A-923C0F15D57B;/UNIR16. Servicio de Internet/UNIR16.9 Administración de ancho de banda.;
54774C24-D0BC-479F-BA07-0970E2D6EA48;UNIR16.8 Configuración de filtrado de contenido web;53ACFF92-3DEB-4142-A46A-923C0F15D57B;/UNIR16. Servicio de Internet/UNIR16.8 Configuración de filtrado de contenido web;
F9BEB035-09C0-402B-A9BE-1773DBC03896;UNIR16.3 No se despliega pagina de acceso a internet;53ACFF92-3DEB-4142-A46A-923C0F15D57B;/UNIR16. Servicio de Internet/UNIR16.3 No se despliega pagina de acceso a internet;
CF1A137F-9E35-406F-8A39-4598EE3D8B40;PUNTOS8.1 Falla de Packet Shaper;53A65877-2566-4671-A903-998AA65DE757;/PUNTOS08. Packet Shaper/PUNTOS8.1 Falla de Packet Shaper;
DD908E2F-9608-4B45-8CAB-47FC3130D398;4.1 Configuracion de Switches;4DBBA29B-B1BD-4B40-9B69-BA2575C45659;/CONAUTO - CAMBIOS/INF-CONA-04 Redes LAN e Inalmabricas/4.1 Configuracion de Switches;
7AD8CD40-4446-4860-B9C4-BD4F60E43825;PUNTOS29.1 Falla de System Center;46DE8E84-BAB3-4767-A428-9E0E2BBDB3B9;/PUNTOS29. System center/PUNTOS29.1 Falla de System Center;
38EDD246-B730-4067-B6B1-8E65E114C02C;Buzones de Voz;42DD559A-2CC3-4CAE-840D-E288B998ECCF;/GCTI. CC-Telefonía/Buzones de Voz;
E1638FFB-03FF-49C5-AA53-C17183F425A5;Configuración de Políticas de Operación;42DD559A-2CC3-4CAE-840D-E288B998ECCF;/GCTI. CC-Telefonía/Configuración de Políticas de Operación;
6124160C-0EA2-4C99-B634-3EBB5449D68B;Reemplazo o Sustitución de Hardware;42DD559A-2CC3-4CAE-840D-E288B998ECCF;/GCTI. CC-Telefonía/Reemplazo o Sustitución de Hardware;
E1ACC0DB-6693-4101-B737-8136C12830F7;Configuración de IVR;42DD559A-2CC3-4CAE-840D-E288B998ECCF;/GCTI. CC-Telefonía/Configuración de IVR;
5C32673C-B75B-4696-A0B2-062A8EE07B90;Mantenimiento Preventivo;42DD559A-2CC3-4CAE-840D-E288B998ECCF;/GCTI. CC-Telefonía/Mantenimiento Preventivo;
EC408B36-9C76-4A90-BD81-4256941E1EA1;Gestión de Usuarios;42DD559A-2CC3-4CAE-840D-E288B998ECCF;/GCTI. CC-Telefonía/Gestión de Usuarios;
71D5426B-56FB-4678-A602-7784218C9575;Mantenimiento Correctivo;42DD559A-2CC3-4CAE-840D-E288B998ECCF;/GCTI. CC-Telefonía/Mantenimiento Correctivo;
DB9A48FA-611B-47D1-80A0-432593989006;Gestión de Licencias;42DD559A-2CC3-4CAE-840D-E288B998ECCF;/GCTI. CC-Telefonía/Gestión de Licencias;
FCF41949-9C81-437C-8DD6-D9542713C8A4;Gestión de Extensiones;42DD559A-2CC3-4CAE-840D-E288B998ECCF;/GCTI. CC-Telefonía/Gestión de Extensiones;
64CBBEDA-C113-434F-9926-796BCA2FE060;2.2 Aplicación de cambios mayores en infraestructura;42D24999-073E-4D3C-BA7C-6A8567AAA4BD;/Begrand 02. Administración de infraestructura Azure/2.2 Aplicación de cambios mayores en infraestructura;
0AEDC276-090B-4F42-BDBD-921E16DA9162;2.1 Aplicación de cambios menores en infraestructura - 32hrs;42D24999-073E-4D3C-BA7C-6A8567AAA4BD;/Begrand 02. Administración de infraestructura Azure/2.1 Aplicación de cambios menores en infraestructura - 32hrs;
5955F48A-002B-4007-A41E-264983E60F21;2.4 Restablecimiento de respaldos;42D24999-073E-4D3C-BA7C-6A8567AAA4BD;/Begrand 02. Administración de infraestructura Azure/2.4 Restablecimiento de respaldos;
804FF2BA-54C5-4156-B4AF-EAE6A68E3EFE;2.3 Consultoría técnica;42D24999-073E-4D3C-BA7C-6A8567AAA4BD;/Begrand 02. Administración de infraestructura Azure/2.3 Consultoría técnica;
72627E00-0E74-42CF-B002-B99989F09C67;2.5 Solicitud de información;42D24999-073E-4D3C-BA7C-6A8567AAA4BD;/Begrand 02. Administración de infraestructura Azure/2.5 Solicitud de información;
BEEEC136-5D07-4B6B-8092-49F524D126CD;18.1 Fallo de aplicaciones en dispositivo Móvil;4203F240-0D37-463D-BD5D-1AC9134059F9;/GCTI 18. Soporte Citrix MDM/18.1 Fallo de aplicaciones en dispositivo Móvil;
6E365A37-E403-45CC-890A-1D6BF30E5EEC;1.8. Alta de nuevos usuarios con empresa ya creada;41CDC761-0371-4DF6-B400-82BB421B2CC5;/BPsoft 01. Administración de infraestructura azure./1.8. Alta de nuevos usuarios con empresa ya creada;
2DBBF017-F02D-4326-B5C3-5B68C1B97B53;1.1. Alta de cliente;41CDC761-0371-4DF6-B400-82BB421B2CC5;/BPsoft 01. Administración de infraestructura azure./1.1. Alta de cliente;
FDC48D9A-62D0-4C64-A51C-45EFC20E7C99;1.5. Consultoría para cliente final;41CDC761-0371-4DF6-B400-82BB421B2CC5;/BPsoft 01. Administración de infraestructura azure./1.5. Consultoría para cliente final;
081DAFA6-EBDC-49B5-9DA1-4FE0ECF3B6D9;1.2. Alta de nuevos servicios de clientes activos;41CDC761-0371-4DF6-B400-82BB421B2CC5;/BPsoft 01. Administración de infraestructura azure./1.2. Alta de nuevos servicios de clientes activos;
91E8A638-A6CD-4361-B185-6CE75440ED4C;1.7. Restablecimiento de respaldos;41CDC761-0371-4DF6-B400-82BB421B2CC5;/BPsoft 01. Administración de infraestructura azure./1.7. Restablecimiento de respaldos;
C12789F0-5B79-44C5-8CA8-95DFC1EDBA84;1.3. Atención a fallos;41CDC761-0371-4DF6-B400-82BB421B2CC5;/BPsoft 01. Administración de infraestructura azure./1.3. Atención a fallos;
51EF3250-3D50-4EB8-8103-D2A56777E10B;1.6. Agregar o eliminar en cuentas de empresa ya creadas;41CDC761-0371-4DF6-B400-82BB421B2CC5;/BPsoft 01. Administración de infraestructura azure./1.6. Agregar o eliminar en cuentas de empresa ya creadas;
83D170D3-3D6C-4F8D-8891-20160AE232DF;1.4. Aplicación de cambios;41CDC761-0371-4DF6-B400-82BB421B2CC5;/BPsoft 01. Administración de infraestructura azure./1.4. Aplicación de cambios;
911D58C0-838B-48D1-9F21-BBCAE32FE0D1;Políticas de Seguridad;40BDEA54-0E0A-4A2E-A389-13B21792EAA9;/GCTI. CC-Firewall/Políticas de Seguridad;
0401B30C-5DB9-4DF1-B5F3-6AB1E1234931;Mejoras o Cambios de Firmware;40BDEA54-0E0A-4A2E-A389-13B21792EAA9;/GCTI. CC-Firewall/Mejoras o Cambios de Firmware;
C5D63919-6BCF-46C1-B6C5-60A96417C46D;Politicas de Monitoreo;40BDEA54-0E0A-4A2E-A389-13B21792EAA9;/GCTI. CC-Firewall/Politicas de Monitoreo;
03399959-E188-48C0-80E4-F44E581AE645;Reemplazo o Sustitución de Hardware;40BDEA54-0E0A-4A2E-A389-13B21792EAA9;/GCTI. CC-Firewall/Reemplazo o Sustitución de Hardware;
84EC8759-6AC3-4427-B1A0-607BAA12E826;Reglas de Firewall;40BDEA54-0E0A-4A2E-A389-13B21792EAA9;/GCTI. CC-Firewall/Reglas de Firewall;
B05C75B3-6E9E-428D-8C8A-BDD884CCC12A;Conexiones VPN;40BDEA54-0E0A-4A2E-A389-13B21792EAA9;/GCTI. CC-Firewall/Conexiones VPN;
18F6B149-3F3C-4EA9-B41E-2744686E7340;Configuración de Hardware;40BDEA54-0E0A-4A2E-A389-13B21792EAA9;/GCTI. CC-Firewall/Configuración de Hardware;
731770E9-A529-433A-9FEA-93A227292F47;Mantenimiento Preventivo;40BDEA54-0E0A-4A2E-A389-13B21792EAA9;/GCTI. CC-Firewall/Mantenimiento Preventivo;
C955E401-0BA1-4342-9869-632B80107050;Mantenimiento Correctivo;40BDEA54-0E0A-4A2E-A389-13B21792EAA9;/GCTI. CC-Firewall/Mantenimiento Correctivo;
748F3FD0-F25E-4D07-BEFE-8B230025DAF4;Conexiones Remotas;40BDEA54-0E0A-4A2E-A389-13B21792EAA9;/GCTI. CC-Firewall/Conexiones Remotas;
28AB8B63-81EF-452B-9B5A-523638E612ED;Gestión de usuarios y permisos;40BDEA54-0E0A-4A2E-A389-13B21792EAA9;/GCTI. CC-Firewall/Gestión de usuarios y permisos;
6233A23C-45B8-4DB9-98A1-4A738D59BF9C;PUNTOS25.1 Falla de Acceso a Web Interface;406122B8-7B26-49FE-ACB2-7A81DA58332C;/PUNTOS25. Soporte web interface/PUNTOS25.1 Falla de Acceso a Web Interface;
0AD2E1C0-B57D-4E2E-B1CB-6A425A4F0417;PUNTOS7.1 Falla de portal de analitics;3F85A36C-E01D-4BA8-B8F0-C39301DE562A;/PUNTOS07. Microstrategy/PUNTOS7.1 Falla de portal de analitics;
6B99F9B2-BAB3-4B7E-AE3A-6DBD0CCCA62C;PUNTOS7.2 Falla de tablero;3F85A36C-E01D-4BA8-B8F0-C39301DE562A;/PUNTOS07. Microstrategy/PUNTOS7.2 Falla de tablero;
AEF4CCEF-B1EA-4B01-A253-7E4EDCE8CEC7;PUNTOS7.3 Tablero no cuadra o no se actualiza;3F85A36C-E01D-4BA8-B8F0-C39301DE562A;/PUNTOS07. Microstrategy/PUNTOS7.3 Tablero no cuadra o no se actualiza;
3A2CFF8D-182D-401D-AF6D-5C089C674C05;PUNTOS1.1. Falla de BlueCoat Proxy SG;3F838FB0-BA4A-44D0-87CB-26678A24B890;/PUNTOS01. Bluecoat/PUNTOS1.1. Falla de BlueCoat Proxy SG;
0DDD3C10-B368-4AD0-BBA9-D12C5220CB30;1.2 Infraestructura;3E532B2B-FBE4-4DB1-8117-DA31DD4753B7;/FERNANDEZ 01. SAP/1.2 Infraestructura;
B7BC753F-B22F-4175-A03D-3040E5F329B3;1.1 Aplicaciones;3E532B2B-FBE4-4DB1-8117-DA31DD4753B7;/FERNANDEZ 01. SAP/1.1 Aplicaciones;
CA6DAF76-2D3A-4D1F-9E24-4975DFA6C192;1.3 Usuario;3E532B2B-FBE4-4DB1-8117-DA31DD4753B7;/FERNANDEZ 01. SAP/1.3 Usuario;
F40F0D62-3243-4B25-9E62-C30B2ED240BA;PUNTOS21.1 Falla de Netscaler;3DB334E4-71ED-4536-B2BC-8CFCF986B7F1;/PUNTOS21. Soporte netscaler/PUNTOS21.1 Falla de Netscaler;
9916FE5F-0D16-4513-BE99-E5F678192D8A;15.2 Asesoría de uso - 0.30 Hrs;3D0838A6-0C82-44D0-8519-A1E4B786337D;/CONAUTO 15. Herramientas de colaboración (O365)/15.2 Asesoría de uso - 0.30 Hrs;
A9EBB706-18EB-47EF-B4BE-1F4990DC81D9;15.1 Fallo de aplicación - 8 Hrs;3D0838A6-0C82-44D0-8519-A1E4B786337D;/CONAUTO 15. Herramientas de colaboración (O365)/15.1 Fallo de aplicación - 8 Hrs;
CF9F78B6-1BE5-463B-B7E7-A463DC5E64D5;10.1 Errores pólizas de Seguro Automotriz - 16 Hrs;3B903FFE-CDD1-47CE-B89E-D613EBB17502;/CONAUTO 10. Soporte a Seguros AON/10.1 Errores pólizas de Seguro Automotriz - 16 Hrs;
3435BC69-8975-4FF8-8C2D-025D079B4386;5.2 Grupos de Seguridad;3AC0510B-5D7D-4BA7-882A-1650D662D2A8;/CONAUTO - CAMBIOS/INF-CONA-05 Correo electronico/5.2 Grupos de Seguridad;
B824587F-987D-4DE2-8B4F-229CD677336F;5.4 DLP en Correo Electrónico;3AC0510B-5D7D-4BA7-882A-1650D662D2A8;/CONAUTO - CAMBIOS/INF-CONA-05 Correo electronico/5.4 DLP en Correo Electrónico;
5BD593F6-1341-48FC-A1B7-0E94E281FDC4;5.1 Listas de Distribucion;3AC0510B-5D7D-4BA7-882A-1650D662D2A8;/CONAUTO - CAMBIOS/INF-CONA-05 Correo electronico/5.1 Listas de Distribucion;
CEF6F373-2F8A-4591-BEC7-F4BCDFE16629;20.1 Fallo de Hipervisor Hyper-V;39C937DD-0346-4E91-9E42-699B6C4CC916;/GCTI 20. Soporte Hyper-V/20.1 Fallo de Hipervisor Hyper-V;
2F1B2240-A5F8-4C07-A7FA-AC85DC09714A;PUNTOS20.2 Modificaciones en Aplicación Ibolt;37CC0BD8-4056-4052-B257-EED4C6BABE25;/PUNTOS20. Soporte ibolt/PUNTOS20.2 Modificaciones en Aplicación Ibolt;
00B27162-D8FE-4192-BCFC-F4664ECE0315;PUNTOS20.1 Fallas de Aplicación Ibolt;37CC0BD8-4056-4052-B257-EED4C6BABE25;/PUNTOS20. Soporte ibolt/PUNTOS20.1 Fallas de Aplicación Ibolt;
FB5AD9B7-B111-4933-92A2-90E646170AA4;1.2 Preventa;3522B002-334E-47BC-A690-5096E51B7752;/PETROMAYAB 01. Apoyo administrativo/1.2 Preventa;
4FE8F885-DCAD-4954-9FB3-A8C7CB63CABD;1. 1 Generación de reportes;3522B002-334E-47BC-A690-5096E51B7752;/PETROMAYAB 01. Apoyo administrativo/1. 1 Generación de reportes;
D6116EDA-F46E-47E1-BE5C-B4E9708D1C8B;PUNTOS18.1 Fallas de Aplicación Cristal Reports;3500F676-9AFB-4516-A599-EC083B964215;/PUNTOS18. Soporte cristal reports/PUNTOS18.1 Fallas de Aplicación Cristal Reports;
29869FBE-E6F6-459A-938A-F4DD09E4E44B;Requerimientos o cambios a SAP;33C5B19F-F71F-48E8-8C73-2A5B8C802919;/MST Especializada.- SAP/Requerimientos o cambios a SAP;
4047C616-306A-4CAE-9B6F-D4D1435D3C3A;Falla de aplicación SAP;33C5B19F-F71F-48E8-8C73-2A5B8C802919;/MST Especializada.- SAP/Falla de aplicación SAP;
45154FA7-C13B-4D08-A4B6-0F38CABA7066;PUNTOS3.1 Falla de tablero;3371ABBC-8AF1-4F47-8060-29EB63C37C71;/PUNTOS03. Corporater EPM/PUNTOS3.1 Falla de tablero;
EB2FE0DF-5F1B-4ACB-A6B4-6D2522532650;PUNTOS3.2 Tablero no cuadra o no se actualiza;3371ABBC-8AF1-4F47-8060-29EB63C37C71;/PUNTOS03. Corporater EPM/PUNTOS3.2 Tablero no cuadra o no se actualiza;
D2492F21-699D-484C-A38C-4663C8102473;UNIR5.5. Mantenimiento Correctivo de SW de Centro de Cómputo;31DE22DD-A6F3-4792-9A87-F735326A1906;/UNIR05. Servicio de Atención al Centro de Cómputo/UNIR5.5. Mantenimiento Correctivo de SW de Centro de Cómputo;
43BCB7C4-2AC2-4658-A871-F9F9911EEED1;UNIR5.1. Mantenimiento correctivo de HW de Centro de Cómputo;31DE22DD-A6F3-4792-9A87-F735326A1906;/UNIR05. Servicio de Atención al Centro de Cómputo/UNIR5.1. Mantenimiento correctivo de HW de Centro de Cómputo;
264EE7E4-450E-49F3-99BA-FF4FF7EAECAB;UNIR5.2. Formateo de Equipo de Centro de Cómputo;31DE22DD-A6F3-4792-9A87-F735326A1906;/UNIR05. Servicio de Atención al Centro de Cómputo/UNIR5.2. Formateo de Equipo de Centro de Cómputo;
C2AD06E1-62D8-4D97-976E-E8DB4B7C82F8;UNIR5.4. Instalación de Software de Centro de Cómputo;31DE22DD-A6F3-4792-9A87-F735326A1906;/UNIR05. Servicio de Atención al Centro de Cómputo/UNIR5.4. Instalación de Software de Centro de Cómputo;
7CA69460-7FFB-4BD5-8772-6C3445802267;UNIR5.3. Mantenimiento Preventivo de HW de Centro de Cómputo;31DE22DD-A6F3-4792-9A87-F735326A1906;/UNIR05. Servicio de Atención al Centro de Cómputo/UNIR5.3. Mantenimiento Preventivo de HW de Centro de Cómputo;
933E7B14-235D-4BAB-92F0-0D0CBFAE5E59; 6.21 Información o reproceso a servicios fiscales cerrados - 90 Hrs;31190898-D4D8-48BB-BA57-4534947CCE09;/CONAUTO 06. Sistema progress/ 6.21 Información o reproceso a servicios fiscales cerrados - 90 Hrs;
BB8C480A-5C30-402D-99A3-F2617DF9FF87;6.20 Error al visualizar imágenes digitalizadas  - 8 Hrs;31190898-D4D8-48BB-BA57-4534947CCE09;/CONAUTO 06. Sistema progress/6.20 Error al visualizar imágenes digitalizadas  - 8 Hrs;
DEB2838F-E7D3-4B31-98D6-D5A107987B80;6.1 Instalación de aplicación - 4 Hrs;31190898-D4D8-48BB-BA57-4534947CCE09;/CONAUTO 06. Sistema progress/6.1 Instalación de aplicación - 4 Hrs;
C0596342-3A50-4913-92CC-3445C2EA0B16;6.12 Corregir Estados de cuenta - 8 Hrs;31190898-D4D8-48BB-BA57-4534947CCE09;/CONAUTO 06. Sistema progress/6.12 Corregir Estados de cuenta - 8 Hrs;
D96E0FE1-0CCD-4407-8AF4-B3D28BD6F6C6;6.4 Generar o Eliminar cargo de seguro automotriz o de vida - 4 Hrs;31190898-D4D8-48BB-BA57-4534947CCE09;/CONAUTO 06. Sistema progress/6.4 Generar o Eliminar cargo de seguro automotriz o de vida - 4 Hrs;
19DA0A67-ADEA-40B3-8497-2F1EFC456679;6.25 Error en emisión de póliza - 2 Hrs;31190898-D4D8-48BB-BA57-4534947CCE09;/CONAUTO 06. Sistema progress/6.25 Error en emisión de póliza - 2 Hrs;
67CDCB12-BB4E-4FA8-A609-D9ECE87ACAC1;6.30 Falla en Progress Financiera - 6 Hrs;31190898-D4D8-48BB-BA57-4534947CCE09;/CONAUTO 06. Sistema progress/6.30 Falla en Progress Financiera - 6 Hrs;
BF9D3461-6747-4AEF-A1ED-ACDE98CE906C;6.7 Publicación de # Boletín o Circular - 12 Hrs - 1 Hr Usuario;31190898-D4D8-48BB-BA57-4534947CCE09;/CONAUTO 06. Sistema progress/6.7 Publicación de # Boletín o Circular - 12 Hrs - 1 Hr Usuario;
5B6F12DE-A00E-4B60-9A4E-07A26EA7679B;6.13 Modificación de Contrato - 8 Hrs;31190898-D4D8-48BB-BA57-4534947CCE09;/CONAUTO 06. Sistema progress/6.13 Modificación de Contrato - 8 Hrs;
DB592D13-7C4E-4593-81A2-87DEC3DEBA98;6.2 Configuración de aplicación - 12 Hrs;31190898-D4D8-48BB-BA57-4534947CCE09;/CONAUTO 06. Sistema progress/6.2 Configuración de aplicación - 12 Hrs;
3BC2E719-DCC4-42C2-9201-AC353DBCD0C3;6.8 Reseteo de contraseña de aplicativo - 2 Hrs;31190898-D4D8-48BB-BA57-4534947CCE09;/CONAUTO 06. Sistema progress/6.8 Reseteo de contraseña de aplicativo - 2 Hrs;
E6FEC800-95A8-44F2-B270-B14894546879;6.10 Aplicación de Notas de Crédito - 8 Hrs;31190898-D4D8-48BB-BA57-4534947CCE09;/CONAUTO 06. Sistema progress/6.10 Aplicación de Notas de Crédito - 8 Hrs;
2513C934-4780-43C0-99E0-B030F7C23C0A;6.14 Cambios de Capital-Interés-Capital - 8 Hrs;31190898-D4D8-48BB-BA57-4534947CCE09;/CONAUTO 06. Sistema progress/6.14 Cambios de Capital-Interés-Capital - 8 Hrs;
B0708BA3-B156-4BDF-BBAC-24380BAF312D;6.26 Envío masivo de correos electrónicos -2 Hrs;31190898-D4D8-48BB-BA57-4534947CCE09;/CONAUTO 06. Sistema progress/6.26 Envío masivo de correos electrónicos -2 Hrs;
14B70E1B-CBBC-4595-BEB3-D3E07FDFEAA9;6.17 Habilitar usuarios de pruebas QADesa y Capacitación - 2 Hrs;31190898-D4D8-48BB-BA57-4534947CCE09;/CONAUTO 06. Sistema progress/6.17 Habilitar usuarios de pruebas QADesa y Capacitación - 2 Hrs;
29D44BE2-18F3-45C1-BCED-CCFD384A60C5;6.28 Cotizaciones Externas - 4 Hrs;31190898-D4D8-48BB-BA57-4534947CCE09;/CONAUTO 06. Sistema progress/6.28 Cotizaciones Externas - 4 Hrs;
9F1FE532-56A9-4B74-8BC1-150D398330A2;6.3 Modificación o Actualización de datos - 8 Hrs;31190898-D4D8-48BB-BA57-4534947CCE09;/CONAUTO 06. Sistema progress/6.3 Modificación o Actualización de datos - 8 Hrs;
BCD6F782-07BD-4FC7-9F26-5C6135CA432B;6.27 Cesión de Derechos No localizables - 3 Hrs;31190898-D4D8-48BB-BA57-4534947CCE09;/CONAUTO 06. Sistema progress/6.27 Cesión de Derechos No localizables - 3 Hrs;
9430D241-2FFD-4997-8B4E-7AC87AB28307;6.22 Aplicación abono en rojo - 8 Hrs;31190898-D4D8-48BB-BA57-4534947CCE09;/CONAUTO 06. Sistema progress/6.22 Aplicación abono en rojo - 8 Hrs;
400137B9-A4FC-48BD-B76C-F6D934E7C804;6.6 Agregar o Eliminar etiquetas CONAUTO - 6 Hrs;31190898-D4D8-48BB-BA57-4534947CCE09;/CONAUTO 06. Sistema progress/6.6 Agregar o Eliminar etiquetas CONAUTO - 6 Hrs;
808D1AF7-7138-4BBE-A2D6-2153ADD32609;6.11 Recalcular Estado de cuenta (Conauto) - 8 Hrs;31190898-D4D8-48BB-BA57-4534947CCE09;/CONAUTO 06. Sistema progress/6.11 Recalcular Estado de cuenta (Conauto) - 8 Hrs;
9C8FF7A0-0D17-4F42-A8A9-B2DEFD2E9A04;6.18 Complemento de carga de carteras - 8 Hrs;31190898-D4D8-48BB-BA57-4534947CCE09;/CONAUTO 06. Sistema progress/6.18 Complemento de carga de carteras - 8 Hrs;
9909FA42-3316-40BB-B828-A0679DFECD55;6.31 Falla en Progress Conauto - 6 Hrs;31190898-D4D8-48BB-BA57-4534947CCE09;/CONAUTO 06. Sistema progress/6.31 Falla en Progress Conauto - 6 Hrs;
C429782A-7624-4974-A14B-02C23C7614C2;6.23 Aplicación de prorroga - 8 Hrs;31190898-D4D8-48BB-BA57-4534947CCE09;/CONAUTO 06. Sistema progress/6.23 Aplicación de prorroga - 8 Hrs;
A3D252FD-4DCD-4D28-938F-94E49E36C29A;6.29 Error Servicio Progress 4 Hrs;31190898-D4D8-48BB-BA57-4534947CCE09;/CONAUTO 06. Sistema progress/6.29 Error Servicio Progress 4 Hrs;
4006D04D-3F42-4AB0-9092-EC1E93FF3610;6.15 Desglose de Cobranza Financiera- Conauto - 8 Hrs;31190898-D4D8-48BB-BA57-4534947CCE09;/CONAUTO 06. Sistema progress/6.15 Desglose de Cobranza Financiera- Conauto - 8 Hrs;
3A6DE2FA-69EE-4572-99B8-E068EB8CFFC9;6.16 Eliminar imágenes que no pertenecen al contrato solicitado - 2 Hrs;31190898-D4D8-48BB-BA57-4534947CCE09;/CONAUTO 06. Sistema progress/6.16 Eliminar imágenes que no pertenecen al contrato solicitado - 2 Hrs;
5C9BE55D-CFAA-4C40-89DE-16AB895FD879;6.5 Agregar o Eliminar etiquetas FINANCIERA - 6 Hrs;31190898-D4D8-48BB-BA57-4534947CCE09;/CONAUTO 06. Sistema progress/6.5 Agregar o Eliminar etiquetas FINANCIERA - 6 Hrs;
4C423430-030C-4507-907D-DC9A4CCE2B32;6.24 Falla de Aplicaciones Administrativas - 8 Hrs;31190898-D4D8-48BB-BA57-4534947CCE09;/CONAUTO 06. Sistema progress/6.24 Falla de Aplicaciones Administrativas - 8 Hrs;
1AE9C577-82EF-4554-B42D-8E5DAB6D1815;6.9 Cambio de Distribuidora BID - 2 Hrs;31190898-D4D8-48BB-BA57-4534947CCE09;/CONAUTO 06. Sistema progress/6.9 Cambio de Distribuidora BID - 2 Hrs;
96E90577-8364-4B1F-BD32-35F368871B83;6.19 Solicitud de información - 24 Hrs;31190898-D4D8-48BB-BA57-4534947CCE09;/CONAUTO 06. Sistema progress/6.19 Solicitud de información - 24 Hrs;
70388668-2C65-44D9-A26A-2136FB28FA24;6.32 Carpeta digital;31190898-D4D8-48BB-BA57-4534947CCE09;/CONAUTO 06. Sistema progress/6.32 Carpeta digital;
9EF62950-EB4B-4436-9C2E-A7FC8B6B361E;PUNTOS17.1 Falla de Cloud Bridge;2D721D71-2E55-43E5-9AE9-B94CB7333226;/PUNTOS17. Soporte cloud bridge/PUNTOS17.1 Falla de Cloud Bridge;
D4764140-E86F-47DA-B4A2-2BE20433AF3B;UNIR3.2 Soporte de Telefonia;2CDA46BF-0D68-462D-AD95-62C4A4B63A8A;/UNIR03. Servicio de Infraestructura (Primer Nivel)/UNIR3.2 Soporte de Telefonia;
A75FD0E6-DBDB-43F9-93C8-42BD4305883C;UNIR3.1 Servicio de Internet;2CDA46BF-0D68-462D-AD95-62C4A4B63A8A;/UNIR03. Servicio de Infraestructura (Primer Nivel)/UNIR3.1 Servicio de Internet;
32A634F8-B30B-40E7-B927-026082FB6D07;UNIR3.3 Fallas de Red Local;2CDA46BF-0D68-462D-AD95-62C4A4B63A8A;/UNIR03. Servicio de Infraestructura (Primer Nivel)/UNIR3.3 Fallas de Red Local;
57A5DEDB-13DD-42FF-940A-D61098D416D8;UNIR3.4 Falla de NAS;2CDA46BF-0D68-462D-AD95-62C4A4B63A8A;/UNIR03. Servicio de Infraestructura (Primer Nivel)/UNIR3.4 Falla de NAS;
E921324D-D12A-487E-A7F0-3BA101F20277;13.3 Fallo de acceso a carpeta compartida - 39 Hrs;28F48BE5-19BB-4E26-8B9E-1B3AD813A77A;/CONAUTO 13. Carpetas Compartidas/13.3 Fallo de acceso a carpeta compartida - 39 Hrs;
AF63811D-BD16-4C1F-89DB-4987FBEFAB88;13. 1 Acceso a carpetas compartidas  - 10 Hrs;28F48BE5-19BB-4E26-8B9E-1B3AD813A77A;/CONAUTO 13. Carpetas Compartidas/13. 1 Acceso a carpetas compartidas  - 10 Hrs;
49773464-49AA-4408-83EF-67D15FA8CE98;13.2 Administración de carpetas Compartidas - 13 Hrs;28F48BE5-19BB-4E26-8B9E-1B3AD813A77A;/CONAUTO 13. Carpetas Compartidas/13.2 Administración de carpetas Compartidas - 13 Hrs;
722E4B49-5B05-4C90-932B-3BEB7FCF1CF8;UNIR17.1.2.3 Publicación de link de grabaciones;287E59F1-C4CF-4A9B-AEF6-438CA67AAE45;/UNIR17. Soporte a aplicaciones/UNIR17.1. Creeze/UNIR17.1.2 Soporte de plataforma/UNIR17.1.2.3 Publicación de link de grabaciones;
F92484C6-375A-465C-8B19-BDB1163467BA;UNIR17.1.2.1 Respaldo de información;287E59F1-C4CF-4A9B-AEF6-438CA67AAE45;/UNIR17. Soporte a aplicaciones/UNIR17.1. Creeze/UNIR17.1.2 Soporte de plataforma/UNIR17.1.2.1 Respaldo de información;
640ADECB-10B8-4125-B580-81001844C933;UNIR17.1.2.2 Publicación de enlace Sincrónico;287E59F1-C4CF-4A9B-AEF6-438CA67AAE45;/UNIR17. Soporte a aplicaciones/UNIR17.1. Creeze/UNIR17.1.2 Soporte de plataforma/UNIR17.1.2.2 Publicación de enlace Sincrónico;
D60EE33B-3F3A-4B73-AF6C-13F0B5154F4C;PUNTOS13.2  Sin servicio de Fileserver;278D1C74-06C5-485A-9224-262B08178DCF;/PUNTOS13. Sharefile/PUNTOS13.2  Sin servicio de Fileserver;
3E169C99-24B5-4B2F-AD93-E5AED6228155;PUNTOS13.1. Cuenta sin acceso;278D1C74-06C5-485A-9224-262B08178DCF;/PUNTOS13. Sharefile/PUNTOS13.1. Cuenta sin acceso;
C485F0E4-5FC3-415B-9E92-72B0311DFDFF;Permisos en BD;2703ACDC-B310-483F-BA88-BE146FEEDDE5;/GCTI. CC-Base de Datos/Permisos en BD;
324C6900-9460-4D4E-9CCC-154A9EAFFC74;Mantenimiento Correctivo;2703ACDC-B310-483F-BA88-BE146FEEDDE5;/GCTI. CC-Base de Datos/Mantenimiento Correctivo;
A028DAE6-AA3F-499F-BA77-BA2839ED61AA;Tareas de Respaldo de BD;2703ACDC-B310-483F-BA88-BE146FEEDDE5;/GCTI. CC-Base de Datos/Tareas de Respaldo de BD;
49E1258F-A65D-458A-ADB0-90671A844DA7;Gestión de Accesos a Base de Datos;2703ACDC-B310-483F-BA88-BE146FEEDDE5;/GCTI. CC-Base de Datos/Gestión de Accesos a Base de Datos;
AA57909E-A499-4462-B4E7-4D6365513CA6;Políticas de Seguridad;2703ACDC-B310-483F-BA88-BE146FEEDDE5;/GCTI. CC-Base de Datos/Políticas de Seguridad;
53D9D4D5-C0D5-43EA-B6B2-5E1DE8D4123C;Gestión de BD (Alta, Baja y Cambio);2703ACDC-B310-483F-BA88-BE146FEEDDE5;/GCTI. CC-Base de Datos/Gestión de BD (Alta, Baja y Cambio);
2F3654D6-A2BA-4789-8161-4F14C2958391;Mantenimiento Preventivo;2703ACDC-B310-483F-BA88-BE146FEEDDE5;/GCTI. CC-Base de Datos/Mantenimiento Preventivo;
0C791AFB-2B00-47D2-93E2-688FC3D386C9;17.1 Activación de office;24605C10-BC65-483B-9109-2811C8B39114;/GCTI 17. Soporte a equipo de cómputo personal/17.1 Activación de office;
7C2D2E97-CC02-499D-B198-4EE1B9667068;17.6 Formateo de equipo;24605C10-BC65-483B-9109-2811C8B39114;/GCTI 17. Soporte a equipo de cómputo personal/17.6 Formateo de equipo;
5E71E1D5-4E9D-48B4-9E47-6F73C700B439;17.4 Asesoría en el uso de aplicaciones de escritorio;24605C10-BC65-483B-9109-2811C8B39114;/GCTI 17. Soporte a equipo de cómputo personal/17.4 Asesoría en el uso de aplicaciones de escritorio;
C3E43CCD-42CC-49E3-AB42-8D9434DB6D19;17.8 Falla de aplicaciones office;24605C10-BC65-483B-9109-2811C8B39114;/GCTI 17. Soporte a equipo de cómputo personal/17.8 Falla de aplicaciones office;
A0644149-528E-4E66-9EEB-5903C7132E42;17.5 Actualización de Antivirus;24605C10-BC65-483B-9109-2811C8B39114;/GCTI 17. Soporte a equipo de cómputo personal/17.5 Actualización de Antivirus;
2A6AA91B-9976-4A72-BB55-73C3690A77A4;17.3 Soporte a falla de equipo de cómputo;24605C10-BC65-483B-9109-2811C8B39114;/GCTI 17. Soporte a equipo de cómputo personal/17.3 Soporte a falla de equipo de cómputo;
B131140C-33E8-45BC-BCFD-4766B944B8EA;17.7 Asignacion de equipo de computo;24605C10-BC65-483B-9109-2811C8B39114;/GCTI 17. Soporte a equipo de cómputo personal/17.7 Asignacion de equipo de computo;
32ED8E4F-385C-4E69-B2EF-D55D25E9D60A;17.2 Instalación de software básico;24605C10-BC65-483B-9109-2811C8B39114;/GCTI 17. Soporte a equipo de cómputo personal/17.2 Instalación de software básico;
32EEA689-4F29-4CEB-9888-F1A40DE9EB51;UNIR2.12 Creación de reglas Office 365;226D19B3-711F-49A2-9EB5-53A7E458C3FC;/UNIR02. Administración de Office 365/UNIR2.12 Creación de reglas Office 365;
536E868F-5E34-4767-9A9E-8AE8A8B1751C;UNIR2.8 Servicio de información masiva (Notificaciones);226D19B3-711F-49A2-9EB5-53A7E458C3FC;/UNIR02. Administración de Office 365/UNIR2.8 Servicio de información masiva (Notificaciones);
8EBDCC5A-38A8-4281-9CED-76D76DEF5B2E;UNIR2.9 SharePoint;226D19B3-711F-49A2-9EB5-53A7E458C3FC;/UNIR02. Administración de Office 365/UNIR2.9 SharePoint;
4DDC0B10-6FDE-4FD0-9C48-CC125B022D81;UNIR2.2 Administración de Buzón de Office 365;226D19B3-711F-49A2-9EB5-53A7E458C3FC;/UNIR02. Administración de Office 365/UNIR2.2 Administración de Buzón de Office 365;
241E2ACE-EA66-429F-8608-A05C041E7E32;UNIR2.1 Administración de Cuentas del directorio Activo;226D19B3-711F-49A2-9EB5-53A7E458C3FC;/UNIR02. Administración de Office 365/UNIR2.1 Administración de Cuentas del directorio Activo;
2057DA11-A72E-47F1-899F-CE9AE4FBD156;UNIR2.6 Respaldo o Recuperación de Datos;226D19B3-711F-49A2-9EB5-53A7E458C3FC;/UNIR02. Administración de Office 365/UNIR2.6 Respaldo o Recuperación de Datos;
410BBA49-E020-4D34-AFCF-11ED34904EB8;UNIR2.4 Configuración de Perfil;226D19B3-711F-49A2-9EB5-53A7E458C3FC;/UNIR02. Administración de Office 365/UNIR2.4 Configuración de Perfil;
070B3431-3CA4-47EF-925B-C81B823A5436;UNIR2.10 Fallas de Outlook;226D19B3-711F-49A2-9EB5-53A7E458C3FC;/UNIR02. Administración de Office 365/UNIR2.10 Fallas de Outlook;
931F8E5C-A457-45F8-A3AF-0505A05B4A59;UNIR2.11 Asesoría en el uso de Cliente de correo electrónico Outlook;226D19B3-711F-49A2-9EB5-53A7E458C3FC;/UNIR02. Administración de Office 365/UNIR2.11 Asesoría en el uso de Cliente de correo electrónico Outlook;
A65E4358-2D48-4902-BF4B-613754E61282;UNIR2.13 Fallo de envio de correo;226D19B3-711F-49A2-9EB5-53A7E458C3FC;/UNIR02. Administración de Office 365/UNIR2.13 Fallo de envió de correo;
BAA84566-A3E9-4BD8-97C4-9D12B681373A;UNIR2.5 Organización y Depuración de Buzón;226D19B3-711F-49A2-9EB5-53A7E458C3FC;/UNIR02. Administración de Office 365/UNIR2.5 Organización y Depuración de Buzón;
A584A21A-2642-4D55-8F1D-9BA1D869BD34;UNIR2.7 Administración de listas de Distribución;226D19B3-711F-49A2-9EB5-53A7E458C3FC;/UNIR02. Administración de Office 365/UNIR2.7 Administración de listas de Distribución;
6F47E0DA-2B73-4B01-9A24-6ABE0B98F3F9;UNIR2.3 Compartir Recursos;226D19B3-711F-49A2-9EB5-53A7E458C3FC;/UNIR02. Administración de Office 365/UNIR2.3 Compartir Recursos;
620FCDFA-9D13-4EE0-8E81-2E3796764D52;PUNTOS9.2 Falla de una cuenta de usuario de project;226AE786-C411-4263-A2DD-648B31AE2950;/PUNTOS09. Project server/PUNTOS9.2 Falla de una cuenta de usuario de project;
654CE1A5-F402-4607-8A8F-D67BE1A6FB87;PUNTOS9.1 Fallas de project;226AE786-C411-4263-A2DD-648B31AE2950;/PUNTOS09. Project server/PUNTOS9.1 Fallas de project;
DE4C787F-3DA6-4FB7-AB9B-93ABE9823E21;19.1 Falla de Respaldos Commvault;20B1E6D1-85DD-445E-9C1B-E910D7D83C90;/GCTI 19. Soporte Commvault/19.1 Falla de Respaldos Commvault;
A3E1E05A-9388-4606-AEB2-226F592F9196;UNIR 9.2 Asesoría en el Software Retail One;1FE59F15-C15C-4167-B782-C408DB0086FB;/UNIR09. Administración del Punto de Venta/UNIR 9.2 Asesoría en el Software Retail One;
882C8B23-B31F-4099-AAA7-AD82E6B4C5E7;UNIR 9.3 Fallas en Retail One;1FE59F15-C15C-4167-B782-C408DB0086FB;/UNIR09. Administración del Punto de Venta/UNIR 9.3 Fallas en Retail One;
46377432-6935-42CD-835B-9E90887F5F37;UNIR 9.4 Actualización de SW Retail One;1FE59F15-C15C-4167-B782-C408DB0086FB;/UNIR09. Administración del Punto de Venta/UNIR 9.4 Actualización de SW Retail One;
F9338015-CD7C-44CF-BA03-96A6BC77FECE;UNIR 9.1 Instalación y Configuración del Software Retail One;1FE59F15-C15C-4167-B782-C408DB0086FB;/UNIR09. Administración del Punto de Venta/UNIR 9.1 Instalación y Configuración del Software Retail One;
0A5B2D65-E4DD-4630-9396-9C416E999AE6;9.1 Falla de Project;1E0BDBB9-B7A4-4BDC-B22F-061DC54E18D7;/GCTI 09. Project Server/9.1 Falla de Project;
9AC13CF5-14F6-45F0-AAA2-4EDA0450FAB5;9.2 Falla de una cuenta de usuario de project;1E0BDBB9-B7A4-4BDC-B22F-061DC54E18D7;/GCTI 09. Project Server/9.2 Falla de una cuenta de usuario de project;
A580D0EC-1F7D-4BCE-A2CA-FA506554F752;Fase4: Auditoria de buró de credito;1B6EA335-566A-4127-9056-20A38763749C;/Proyectos/CONAUTO: Buró de Crédito/Fase4: Auditoria de buró de credito;
176EB0C4-4DF1-4E2A-8E99-2CD9C2166974;Fase3: Implementación y envio de buro de credito;1B6EA335-566A-4127-9056-20A38763749C;/Proyectos/CONAUTO: Buró de Crédito/Fase3: Implementación y envio de buro de credito;
ACAA0AD2-FE76-45F3-A404-E3680317644C;Fase1: Envio de BD actual a buro de credito;1B6EA335-566A-4127-9056-20A38763749C;/Proyectos/CONAUTO: Buró de Crédito/Fase1: Envio de BD actual a buro de credito;
62E70AC3-C89B-420A-96A4-676360387FF8;Fase2: Manejo y atención de impugnaciones;1B6EA335-566A-4127-9056-20A38763749C;/Proyectos/CONAUTO: Buró de Crédito/Fase2: Manejo y atención de impugnaciones;
A1A11741-4276-439B-9842-31E818BB7F35;UNIR7.2. Corrección de Fallas de Configuración de equipos de Vigilancia;1B257A67-58DF-4963-8207-255702AD25B5;/UNIR07. Administración de Servicios de video vigilacia/UNIR7.2. Corrección de Fallas de Configuración de equipos de Vigilancia;
60E70AE7-36AC-4F97-BBE5-89C1F59C5349;UNIR7.3. Gestión de Garantías con el Proveedor;1B257A67-58DF-4963-8207-255702AD25B5;/UNIR07. Administración de Servicios de video vigilacia/UNIR7.3. Gestión de Garantías con el Proveedor;
E6C88260-0744-4114-B881-D139DD9DCF32;UNIR7.1. Configuración de Cámaras de Vigilancia;1B257A67-58DF-4963-8207-255702AD25B5;/UNIR07. Administración de Servicios de video vigilacia/UNIR7.1. Configuración de Cámaras de Vigilancia;
F3E19AA4-86B2-4559-ABDB-222176D018D6;17.2 Reactivación o Desbloqueo de usuario - 4 Hrs;19EDA73E-5BDF-4E43-B4B6-BA1B4C40611D;/CONAUTO 17. Gestor Documental/17.2 Reactivación o Desbloqueo de usuario - 4 Hrs;
6019B2C4-2C1C-4A2D-B45C-CC2E1F8FB07A;17.3 Sin acceso a carpeta o celda - 4 hrs;19EDA73E-5BDF-4E43-B4B6-BA1B4C40611D;/CONAUTO 17. Gestor Documental/17.3 Sin acceso a carpeta o celda - 4 hrs;
4376C4F4-61EE-4DE4-8014-7381AECF0921;17.4 Falla en aplicativo - 4 Hrs;19EDA73E-5BDF-4E43-B4B6-BA1B4C40611D;/CONAUTO 17. Gestor Documental/17.4 Falla en aplicativo - 4 Hrs;
8007344C-628F-4B16-94E8-7B47E354840B;17.1 Alta de Usuario y asociación de perfil - 6 Hrs;19EDA73E-5BDF-4E43-B4B6-BA1B4C40611D;/CONAUTO 17. Gestor Documental/17.1 Alta de Usuario y asociación de perfil - 6 Hrs;
15843382-D8FB-404D-BB8A-B14AF3F832A2;14.11 Error al ejecutar el sistema - 4 Hrs;198391E3-C956-4485-8C18-AEA6308AFE64;/CONAUTO 14. Soporte a SAPS /14.11 Error al ejecutar el sistema - 4 Hrs;
D703ED63-6418-4A6B-AB51-D95685AAEC32;14.3 Error al generar cotización de Seguro Automotriz - 8 Hrs;198391E3-C956-4485-8C18-AEA6308AFE64;/CONAUTO 14. Soporte a SAPS /14.3 Error al generar cotización de Seguro Automotriz - 8 Hrs;
A7B36AAC-4E35-4795-997B-8D2E8E426DBD;14.5 Error certificado de Vida - 8 Hrs;198391E3-C956-4485-8C18-AEA6308AFE64;/CONAUTO 14. Soporte a SAPS /14.5 Error certificado de Vida - 8 Hrs;
18168589-816D-4A1A-B90A-5939E9EDA238;14.12 Correcciones en SAPS;198391E3-C956-4485-8C18-AEA6308AFE64;/CONAUTO 14. Soporte a SAPS /14.12 Correcciones en SAPS;
33D0169E-7821-4CBE-8FBE-6F48A097047B;14.9 Error al generar el orden de Trabajo - 8 Hrs;198391E3-C956-4485-8C18-AEA6308AFE64;/CONAUTO 14. Soporte a SAPS /14.9 Error al generar el orden de Trabajo - 8 hrs;
524C7A64-2729-4273-8B20-20FF2ADE786C;14.2 Reactivación o Desbloqueo de usuario - 4 Hrs;198391E3-C956-4485-8C18-AEA6308AFE64;/CONAUTO 14. Soporte a SAPS /14.2 Reactivación o Desbloqueo de usuario - 4 Hrs;
7FB742C5-E9BB-43C8-8E2F-88D27F7218D1;14.1 Alta de Usuario y asociación de perfil - 4 Hrs;198391E3-C956-4485-8C18-AEA6308AFE64;/CONAUTO 14. Soporte a SAPS /14.1 Alta de Usuario y asociación de perfil - 4 Hrs;
DE108A75-6659-4277-95F7-C4F82BBDE1C2;14.7 Error al generar Recibos de Auto - 8 Hrs;198391E3-C956-4485-8C18-AEA6308AFE64;/CONAUTO 14. Soporte a SAPS /14.7 Error al generar Recibos de Auto - 8 Hrs;
0826F2FC-6C4D-4F79-87B1-AFA0FDC5F7A4;14.10 Error en la generación de layout de contabilidad - 8 Hrs;198391E3-C956-4485-8C18-AEA6308AFE64;/CONAUTO 14. Soporte a SAPS /14.10 Error en la generación de layout de contabilidad - 8 Hrs;
5D45168B-3846-4746-84DE-B720B0927005;14.6 Error en la cancelación de Seguro Automotriz - 8 Hrs;198391E3-C956-4485-8C18-AEA6308AFE64;/CONAUTO 14. Soporte a SAPS /14.6 Error en la cancelación de Seguro Automotriz - 8 Hrs;
56F14F4F-A16B-46B5-A034-DC0E4EECBB8A;14.4 Error en emisión de Seguro Automotriz  - 8 Hrs;198391E3-C956-4485-8C18-AEA6308AFE64;/CONAUTO 14. Soporte a SAPS /14.4 Error en emisión de Seguro Automotriz  - 8 Hrs;
A4F8E3BC-05C0-49E9-AB67-5E2A117A49B6;14.8 Error al generar Recibos de vida - 8 Hrs;198391E3-C956-4485-8C18-AEA6308AFE64;/CONAUTO 14. Soporte a SAPS /14.8 Error al generar Recibos de vida - 8 Hrs;
D16579D0-470B-4D89-A351-173ABEA6966D;PUNTOS22.1 Falla de respaldos PHD,Unitrends;15857BB5-BAC1-40F2-B485-1F4B54C2E04B;/PUNTOS22. Soporte PHN,UNITRENDS/PUNTOS22.1 Falla de respaldos PHD,Unitrends;
8309C2ED-1648-48A9-AD09-B73081B8FD3C;UNIR18.1.2 Administración de credenciales;12F90379-A475-4569-803D-73BC70D70D3C;/UNIR18. Aplicaciones Académicas/UNIR18.1. Creeze/UNIR18.1.2 Administración de credenciales;
CF137821-EC50-4ED0-ADCE-4A360C2527FA;UNIR18.1.3 Control de Calificaciones;12F90379-A475-4569-803D-73BC70D70D3C;/UNIR18. Aplicaciones Académicas/UNIR18.1. Creeze/UNIR18.1.3 Control de Calificaciones;
FF133B4C-6323-438A-BAE4-DC555BA67A84;UNIR18.1.1 Configuración de cursos;12F90379-A475-4569-803D-73BC70D70D3C;/UNIR18. Aplicaciones Académicas/UNIR18.1. Creeze/UNIR18.1.1 Configuración de cursos;
CE8EAB8D-CAC8-4D2F-96D7-E7DB934960F4;UNIR4.8 Fallas de SAP;12A6709F-529A-4A82-A728-118E352EED2E;/UNIR04. Administración de Servidores (Primer Nivel)/UNIR4.8 Fallas de SAP;
E69B9D2D-46A1-43DF-BB69-16608CE0D9DD;UNIR4.6 Modificaciones a SAP;12A6709F-529A-4A82-A728-118E352EED2E;/UNIR04. Administración de Servidores (Primer Nivel)/UNIR4.6 Modificaciones a SAP;
09208770-00E3-4104-9B1F-A9BE7CB67F9E;UNIR4.2 Publicación de Contenido de la Página WEB;12A6709F-529A-4A82-A728-118E352EED2E;/UNIR04. Administración de Servidores (Primer Nivel)/UNIR4.2 Publicación de Contenido de la Página WEB;
D1048695-0341-42D4-909B-D377DB1744BE;UNIR4.4 Correcciones del CRM;12A6709F-529A-4A82-A728-118E352EED2E;/UNIR04. Administración de Servidores (Primer Nivel)/UNIR4.4 Correcciones del CRM;
9939A654-AA9F-48CC-A973-5AF3BBB5CD15;UNIR4.7 Asesoría de SAP;12A6709F-529A-4A82-A728-118E352EED2E;/UNIR04. Administración de Servidores (Primer Nivel)/UNIR4.7 Asesoría de SAP;
53091774-AC5A-4956-8525-3C1E8CCC04AF;UNIR4.3 Publicación del CRM;12A6709F-529A-4A82-A728-118E352EED2E;/UNIR04. Administración de Servidores (Primer Nivel)/UNIR4.3 Publicación del CRM;
60B9188B-AAAD-43FC-B74E-98691F78DE95;UNIR4.1 Publicación de Página WEB;12A6709F-529A-4A82-A728-118E352EED2E;/UNIR04. Administración de Servidores (Primer Nivel)/UNIR4.1 Publicación de Página WEB;
4B69AD13-1834-415E-AC56-1664545567B0;UNIR4.5 Publicación de SAP;12A6709F-529A-4A82-A728-118E352EED2E;/UNIR04. Administración de Servidores (Primer Nivel)/UNIR4.5 Publicación de SAP;
1FA152D8-60AB-4CA2-BC2B-9C0320B836B9;UNIR4.9 administración de cuentas de ShareFile;12A6709F-529A-4A82-A728-118E352EED2E;/UNIR04. Administración de Servidores (Primer Nivel)/UNIR4.9 administración de cuentas de ShareFile;
06DD1F73-53EC-4261-A2E7-D6EDDF9D4397;2.7 Correo sospechoso - 8 Hrs;123B208A-1C01-4110-A656-5126B83B16AE;/CONAUTO 02. Correo electronico/2.7 Correo sospechoso - 8 Hrs;
C1BF7861-723B-4F94-B198-239C1BA48C9F;2.2 Configuración Lista de Distribución - 4 Hrs;123B208A-1C01-4110-A656-5126B83B16AE;/CONAUTO 02. Correo electronico/2.2 Configuración Lista de Distribución - 4 Hrs;
53310938-4F5A-4545-9C3A-B58B397F4224;2.6 Fallo de envío  y recepción de correos - 8 Hrs;123B208A-1C01-4110-A656-5126B83B16AE;/CONAUTO 02. Correo electronico/2.6 Fallo de envío  y recepción de correos - 8 Hrs;
5260FC5A-2EE0-49D3-B603-0E6F8572BB7B;2.3 Configuración y modificación de firma de correo - 4 Hrs;123B208A-1C01-4110-A656-5126B83B16AE;/CONAUTO 02. Correo electronico/2.3 Configuración y modificación de firma de correo - 4 Hrs;
92C41208-F295-48DB-9896-A34445BF6F8E;2.1 Configuración de buzón de correo - 2 Hrs;123B208A-1C01-4110-A656-5126B83B16AE;/CONAUTO 02. Correo electronico/2.1 Configuración de buzón de correo - 2 Hrs;
BFAEF545-FB35-4818-A3CA-F3A9240D4003;2.4 Reseteo de contraseña de Correo electrónico - 1 Hrs;123B208A-1C01-4110-A656-5126B83B16AE;/CONAUTO 02. Correo electronico/2.4 Reseteo de contraseña de Correo electrónico - 1 Hrs;
D369DB36-6838-4E49-86C2-374DA74A1A35;2.5 Respaldo de PST - 26 Hrs;123B208A-1C01-4110-A656-5126B83B16AE;/CONAUTO 02. Correo electronico/2.5 Respaldo de PST - 26 Hrs;
48B97884-6C99-41C4-9412-175B27DB849D;1.3 Fallo en infraestructura;1135A944-5AE5-4C1D-A9B4-09F63C037245;/Ferreterias Mandiola 01. Soporte en infraestructura/1.3 Fallo en infraestructura;
56C4C864-F8D5-48AE-B44F-9F6C8305CF76;1.1 Implementación y actualización de tecnologías;1135A944-5AE5-4C1D-A9B4-09F63C037245;/Ferreterias Mandiola 01. Soporte en infraestructura/1.1 Implementación y actualización de tecnologías;
D96B4FAD-1327-4FE0-A897-8BF4261074EF;1.2 Diagnóstico informático;1135A944-5AE5-4C1D-A9B4-09F63C037245;/Ferreterias Mandiola 01. Soporte en infraestructura/1.2 Diagnóstico informático;
D9B40F9F-817E-40C3-B879-BE516792B0B5;UNIR 11.4 Permisos en carpetas Compartidas GCTI;1070AE3E-7156-4A71-BEEA-95AD78148B45;/UNIR11. Servicio de Escritorios Virtuales/UNIR 11.4 Permisos en carpetas Compartidas GCTI;
9D82939D-5CD5-438A-9DDA-55A0EB3149A0;UNIR 11.1 Administración de Cuenta para Citrix;1070AE3E-7156-4A71-BEEA-95AD78148B45;/UNIR11. Servicio de Escritorios Virtuales/UNIR 11.1 Administración de Cuenta para Citrix;
826142C1-0A73-4E5A-8637-AAC6F072F281;UNIR 11.6 Falla en Servicio Citrix;1070AE3E-7156-4A71-BEEA-95AD78148B45;/UNIR11. Servicio de Escritorios Virtuales/UNIR 11.6 Falla en Servicio Citrix;
E7FE7C2E-AEF9-4FCB-9B5F-D87DCB1BBEF8;UNIR 11.3 Mapeo de Unidad en Escritorio Virtual;1070AE3E-7156-4A71-BEEA-95AD78148B45;/UNIR11. Servicio de Escritorios Virtuales/UNIR 11.3 Mapeo de Unidad en Escritorio Virtual;
B43D2B60-4B93-4317-B054-55682C6844E3;UNIR 11.5 Servicios de Impresión en Citrix;1070AE3E-7156-4A71-BEEA-95AD78148B45;/UNIR11. Servicio de Escritorios Virtuales/UNIR 11.5 Servicios de Impresión en Citrix;
14323FBF-F385-4D22-B5DA-590A1FBC2136;UNIR 11.2 Soporte a Conexión de Escritorio Virtual;1070AE3E-7156-4A71-BEEA-95AD78148B45;/UNIR11. Servicio de Escritorios Virtuales/UNIR 11.2 Soporte a Conexión de Escritorio Virtual;
6F7A937D-7B68-4588-BEC5-2BBECB81F8C5;12.2 Fallas de impresión;0F7EBA20-A06D-4CB8-A203-58C1153B9CBA;/GCTI 12. Servicio de Impresión/12.2 Fallas de impresión;
4068C727-38D6-4E94-981B-879BC8161F2E;12.1 Configurar una impresora;0F7EBA20-A06D-4CB8-A203-58C1153B9CBA;/GCTI 12. Servicio de Impresión/12.1 Configurar una impresora;
C0092AC9-3D35-40BA-B489-71FE161729E7;TELERED 1.5 Asesoramiento en configuraciones del portal;0ACF76F0-F7A9-4753-A168-3361291326CF;/TELERED 01. Proactivanet/TELERED 1.5 Asesoramiento en configuraciones del portal;
A3794844-6648-4996-88CC-793B470A43B0;TELERED 1.6 Capacitaciones del funcionamiento del Portal;0ACF76F0-F7A9-4753-A168-3361291326CF;/TELERED 01. Proactivanet/TELERED 1.6 Capacitaciones del funcionamiento del Portal;
92374E97-8F0B-4C1C-9049-38E6424E8AD2;TELERED 1.2 Fallo de acceso al portal;0ACF76F0-F7A9-4753-A168-3361291326CF;/TELERED 01. Proactivanet/TELERED 1.2 Fallo de acceso al portal;
E1D3B22B-2CAD-4EEE-B495-82827CFDD4CF;TELERED 1.4 Inconsistencia de Datos;0ACF76F0-F7A9-4753-A168-3361291326CF;/TELERED 01. Proactivanet/TELERED 1.4 Inconsistencia de Datos;
D2E0155E-5E5B-4053-8D20-6C76DF8BC162;TELERED 1.1 Interrupción total del  servicio del portal;0ACF76F0-F7A9-4753-A168-3361291326CF;/TELERED 01. Proactivanet/TELERED 1.1 Interrupción total del  servicio del portal;
64304901-3932-46E7-A9FF-E3988352B00B;TELERED 1.7 Configuraciones Generales;0ACF76F0-F7A9-4753-A168-3361291326CF;/TELERED 01. Proactivanet/TELERED 1.7 Configuraciones Generales;
0F2B445E-2C11-4F5B-AC85-53F922B873A0;TELERED 1.3 Fallo en funcionamiento del portal;0ACF76F0-F7A9-4753-A168-3361291326CF;/TELERED 01. Proactivanet/TELERED 1.3 Fallo en funcionamiento del portal;
1CA8CA01-7844-4ED0-B265-E9C4F0F11248;13.2 Sin acceso a ernet;0A066BCA-B03D-457F-93C4-29B9851A014A;/GCTI 13. Servicio de internet/13.2 Sin acceso a ernet;
6FFF90F4-1143-4E67-84BC-61ABEC80E26B;13.3 Solución a falla de navegación;0A066BCA-B03D-457F-93C4-29B9851A014A;/GCTI 13. Servicio de internet/13.3 Solución a falla de navegación;
866E4A47-3AFC-4C9C-AD84-D75CE60D7C19;13.1 Internet está lento;0A066BCA-B03D-457F-93C4-29B9851A014A;/GCTI 13. Servicio de internet/13.1 Internet está lento;
CD73420B-1535-4219-8A8C-C64B61698D67;UNIR17.1. Creeze;08034728-5261-4C09-9CCF-EBF3C81A9746;/UNIR17. Soporte a aplicaciones/UNIR17.1. Creeze;
6F9CE0F1-D760-40EF-AEBC-6CB16CC3EDB7;10.1 Creación de cuenta de Salesforce;0551D33D-8461-4D9C-B93B-5BF17D15AA79;/GCTI 10. Salesforce/10.1 Creación de cuenta de Salesforce;
0C1190B8-6743-4AAF-9C16-DCA9ADE263AD;Portal WEB -36 hrs;03DAC9B1-8652-4F72-89EA-098FCBC723AD;/CONAUTO 25. Arrendadora Conautopcion/Portal WEB -36 hrs;
EA65BB8F-BF6B-42AA-853B-E6288ED3B60B;PUNTOS30.1 Falla de Vware ESX;02B9B64A-ADA6-418E-A7E9-F6C4C4BCC136;/PUNTOS30. VWARE ESX/PUNTOS30.1 Falla de Vware ESX;
